Column1,Column2,Column3,Column4,Column5
time,q1_l,q1_r,q2_l,q2_r
0.0,0.0,0.0,0.0,0.0
0.02,9.75,9.75,9.75,9.75
0.04,19.5,19.5,19.5,19.5
0.06,29.249999999999996,29.249999999999996,29.249999999999996,29.249999999999996
0.08,39.0,39.0,39.0,39.0
0.1,40.0,40.0,40.0,40.0
0.12,41.0,41.0,41.0,41.0
0.14,42.0,42.0,42.0,42.0
0.16,43.0,43.0,43.0,43.0
0.18,37.0,37.0,37.0,37.0
0.2,30.999999999999996,30.999999999999996,30.999999999999996,30.999999999999996
0.22,24.999999999999996,24.999999999999996,24.999999999999996,24.999999999999996
0.24,19.0,19.0,19.0,19.0
0.26,23.750000000000007,23.750000000000007,23.750000000000007,23.750000000000007
0.28,28.500000000000007,28.500000000000007,28.500000000000007,28.500000000000007
0.3,33.25,33.25,33.25,33.25
0.32,38.0,38.0,38.0,38.0
0.34,39.25000000000001,39.25000000000001,39.25000000000001,39.25000000000001
0.36,40.5,40.5,40.5,40.5
0.38,41.75,41.75,41.75,41.75
0.4,43.0,43.0,43.0,43.0
0.42,41.25,41.25,41.25,41.25
0.44,39.5,39.5,39.5,39.5
0.46,37.75,37.75,37.75,37.75
0.48,36.0,36.0,36.0,36.0
0.5,39.0,39.0,39.0,39.0
0.52,42.0,42.0,42.0,42.0
0.54,45.00000000000001,45.00000000000001,45.00000000000001,45.00000000000001
0.56,48.0,48.0,48.0,48.0
0.58,46.25000000000001,46.25000000000001,46.25000000000001,46.25000000000001
0.6,44.50000000000001,44.50000000000001,44.50000000000001,44.50000000000001
0.62,42.75,42.75,42.75,42.75
0.64,41.0,41.0,41.0,41.0
0.66,42.0,42.0,42.0,42.0
0.68,43.0,43.0,43.0,43.0
0.7000000000000001,44.00000000000001,44.00000000000001,44.00000000000001,44.00000000000001
0.72,45.0,45.0,45.0,45.0
0.74,47.5,47.5,47.5,47.5
0.76,50.0,50.0,50.0,50.0
0.78,52.5,52.5,52.5,52.5
0.8,55.0,55.0,55.0,55.0
0.8200000000000001,54.0,54.0,54.0,54.0
0.84,53.0,53.0,53.0,53.0
0.86,52.0,52.0,52.0,52.0
0.88,51.0,51.0,51.0,51.0
0.9,51.75000000000001,51.75000000000001,51.75000000000001,51.75000000000001
0.92,52.50000000000001,52.50000000000001,52.50000000000001,52.50000000000001
0.9400000000000001,53.250000000000014,53.250000000000014,53.250000000000014,53.250000000000014
0.96,54.0,54.0,54.0,54.0
0.98,52.5,52.5,52.5,52.5
1.0,51.0,51.0,51.0,51.0
1.02,49.500000000000014,49.500000000000014,49.500000000000014,49.500000000000014
1.04,48.0,48.0,48.0,48.0
1.06,50.25000000000001,50.25000000000001,50.25000000000001,50.25000000000001
1.08,52.5,52.5,52.5,52.5
1.1,54.75,54.75,54.75,54.75
1.12,56.99999999999999,56.99999999999999,56.99999999999999,56.99999999999999
1.1400000000000001,58.50000000000001,58.50000000000001,58.50000000000001,58.50000000000001
1.16,59.99999999999999,59.99999999999999,59.99999999999999,59.99999999999999
1.18,61.5,61.5,61.5,61.5
1.2,63.0,63.0,63.0,63.0
1.22,63.75000000000001,63.75000000000001,63.75000000000001,63.75000000000001
1.24,64.50000000000001,64.50000000000001,64.50000000000001,64.50000000000001
1.26,65.25,65.25,65.25,65.25
1.28,66.0,66.0,66.0,66.0
1.3,63.0,63.0,63.0,63.0
1.32,59.99999999999999,59.99999999999999,59.99999999999999,59.99999999999999
1.34,56.99999999999999,56.99999999999999,56.99999999999999,56.99999999999999
1.36,54.0,54.0,54.0,54.0
1.3800000000000001,46.499999999999986,46.499999999999986,46.499999999999986,46.499999999999986
1.4000000000000001,38.999999999999964,38.999999999999964,38.999999999999964,38.999999999999964
1.42,31.50000000000002,31.50000000000002,31.50000000000002,31.50000000000002
1.44,24.0,24.0,24.0,24.0
1.46,20.75,20.75,20.75,20.75
1.48,17.5,17.5,17.5,17.5
1.5,14.250000000000002,14.250000000000002,14.250000000000002,14.250000000000002
1.52,11.0,11.0,11.0,11.0
1.54,11.0,11.0,11.0,11.0
1.56,11.0,11.0,11.0,11.0
1.58,11.0,11.0,11.0,11.0
1.6,11.0,11.0,11.0,11.0
1.62,9.749999999999996,9.749999999999996,9.749999999999996,9.749999999999996
1.6400000000000001,8.499999999999995,8.499999999999995,8.499999999999995,8.499999999999995
1.6600000000000001,7.24999999999999,7.24999999999999,7.24999999999999,7.24999999999999
1.68,6.0,6.0,6.0,6.0
1.7,5.750000000000001,5.750000000000001,5.750000000000001,5.750000000000001
1.72,5.500000000000001,5.500000000000001,5.500000000000001,5.500000000000001
1.74,5.25,5.25,5.25,5.25
1.76,5.0,5.0,5.0,5.0
1.78,5.0,5.0,5.0,5.0
1.8,5.0,5.0,5.0,5.0
1.82,5.0,5.0,5.0,5.0
1.84,5.0,5.0,5.0,5.0
1.86,4.499999999999998,4.499999999999998,4.499999999999998,4.499999999999998
1.8800000000000001,3.9999999999999973,3.9999999999999973,3.9999999999999973,3.9999999999999973
1.9000000000000001,3.499999999999996,3.499999999999996,3.499999999999996,3.499999999999996
1.92,3.0,3.0,3.0,3.0
1.94,2.25,2.25,2.25,2.25
1.96,1.5,1.5,1.5,1.5
1.98,0.75,0.75,0.75,0.75
2.0,0.0,0.0,0.0,0.0
2.02,0.0,0.0,0.0,0.0
2.04,0.0,0.0,0.0,0.0
2.06,0.0,0.0,0.0,0.0
2.08,0.0,0.0,0.0,0.0
2.1,-0.75,-0.75,-0.75,-0.75
2.12,-1.5,-1.5,-1.5,-1.5
2.14,-2.25,-2.25,-2.25,-2.25
2.16,-3.0,-3.0,-3.0,-3.0
2.18,-3.75,-3.75,-3.75,-3.75
2.2,-4.5,-4.5,-4.5,-4.5
2.22,-5.25,-5.25,-5.25,-5.25
2.24,-6.0,-6.0,-6.0,-6.0
2.2600000000000002,-6.500000000000003,-6.500000000000003,-6.500000000000003,-6.500000000000003
2.2800000000000002,-7.000000000000006,-7.000000000000006,-7.000000000000006,-7.000000000000006
2.3000000000000003,-7.500000000000008,-7.500000000000008,-7.500000000000008,-7.500000000000008
2.32,-8.0,-8.0,-8.0,-8.0
2.34,-9.0,-9.0,-9.0,-9.0
2.36,-10.0,-10.0,-10.0,-10.0
2.38,-11.000000000000002,-11.000000000000002,-11.000000000000002,-11.000000000000002
2.4,-12.0,-12.0,-12.0,-12.0
2.42,-12.25,-12.25,-12.25,-12.25
2.44,-12.5,-12.5,-12.5,-12.5
2.46,-12.75,-12.75,-12.75,-12.75
2.48,-13.0,-13.0,-13.0,-13.0
2.5,-14.250000000000002,-14.250000000000002,-14.250000000000002,-14.250000000000002
2.52,-15.5,-15.5,-15.5,-15.5
2.54,-16.75,-16.75,-16.75,-16.75
2.56,-18.0,-18.0,-18.0,-18.0
2.58,-19.25,-19.25,-19.25,-19.25
2.6,-20.5,-20.5,-20.5,-20.5
2.62,-21.75,-21.75,-21.75,-21.75
2.64,-23.0,-23.0,-23.0,-23.0
2.66,-22.75,-22.75,-22.75,-22.75
2.68,-22.5,-22.5,-22.5,-22.5
2.7,-22.25,-22.25,-22.25,-22.25
2.72,-22.0,-22.0,-22.0,-22.0
2.74,-22.750000000000004,-22.750000000000004,-22.750000000000004,-22.750000000000004
2.7600000000000002,-23.5,-23.5,-23.5,-23.5
2.7800000000000002,-24.25,-24.25,-24.25,-24.25
2.8000000000000003,-25.0,-25.0,-25.0,-25.0
2.82,-26.249999999999982,-26.249999999999982,-26.249999999999982,-26.249999999999982
2.84,-27.49999999999999,-27.49999999999999,-27.49999999999999,-27.49999999999999
2.86,-28.749999999999996,-28.749999999999996,-28.749999999999996,-28.749999999999996
2.88,-30.0,-30.0,-30.0,-30.0
2.9,-30.250000000000007,-30.250000000000007,-30.250000000000007,-30.250000000000007
2.92,-30.5,-30.5,-30.5,-30.5
2.94,-30.75,-30.75,-30.75,-30.75
2.96,-31.0,-31.0,-31.0,-31.0
2.98,-31.75,-31.75,-31.75,-31.75
3.0,-32.5,-32.5,-32.5,-32.5
3.02,-33.25000000000001,-33.25000000000001,-33.25000000000001,-33.25000000000001
3.04,-34.0,-34.0,-34.0,-34.0
3.06,-34.75,-34.75,-34.75,-34.75
3.08,-35.5,-35.5,-35.5,-35.5
3.1,-36.25,-36.25,-36.25,-36.25
3.12,-37.0,-37.0,-37.0,-37.0
3.14,-37.5,-37.5,-37.5,-37.5
3.16,-38.0,-38.0,-38.0,-38.0
3.18,-38.5,-38.5,-38.5,-38.5
3.2,-39.0,-39.0,-39.0,-39.0
3.22,-39.5,-39.5,-39.5,-39.5
3.24,-40.0,-40.0,-40.0,-40.0
3.2600000000000002,-40.5,-40.5,-40.5,-40.5
3.2800000000000002,-41.0,-41.0,-41.0,-41.0
3.3000000000000003,-42.0,-42.0,-42.0,-42.0
3.3200000000000003,-43.00000000000001,-43.00000000000001,-43.00000000000001,-43.00000000000001
3.34,-43.99999999999999,-43.99999999999999,-43.99999999999999,-43.99999999999999
3.36,-45.0,-45.0,-45.0,-45.0
3.38,-44.75,-44.75,-44.75,-44.75
3.4,-44.5,-44.5,-44.5,-44.5
3.42,-44.24999999999999,-44.24999999999999,-44.24999999999999,-44.24999999999999
3.44,-44.0,-44.0,-44.0,-44.0
3.46,-43.75,-43.75,-43.75,-43.75
3.48,-43.5,-43.5,-43.5,-43.5
3.5,-43.24999999999999,-43.24999999999999,-43.24999999999999,-43.24999999999999
3.52,-43.0,-43.0,-43.0,-43.0
3.54,-43.75,-43.75,-43.75,-43.75
3.56,-44.5,-44.5,-44.5,-44.5
3.58,-45.24999999999999,-45.24999999999999,-45.24999999999999,-45.24999999999999
3.6,-46.0,-46.0,-46.0,-46.0
3.62,-47.0,-47.0,-47.0,-47.0
3.64,-48.0,-48.0,-48.0,-48.0
3.66,-49.0,-49.0,-49.0,-49.0
3.68,-50.0,-50.0,-50.0,-50.0
3.7,-50.0,-50.0,-50.0,-50.0
3.72,-50.0,-50.0,-50.0,-50.0
3.74,-50.0,-50.0,-50.0,-50.0
3.7600000000000002,-50.0,-50.0,-50.0,-50.0
3.7800000000000002,-48.25,-48.25,-48.25,-48.25
3.8000000000000003,-46.499999999999986,-46.499999999999986,-46.499999999999986,-46.499999999999986
3.8200000000000003,-44.74999999999997,-44.74999999999997,-44.74999999999997,-44.74999999999997
3.84,-43.0,-43.0,-43.0,-43.0
3.86,-37.99999999999999,-37.99999999999999,-37.99999999999999,-37.99999999999999
3.88,-32.99999999999999,-32.99999999999999,-32.99999999999999,-32.99999999999999
3.9,-27.999999999999996,-27.999999999999996,-27.999999999999996,-27.999999999999996
3.92,-23.0,-23.0,-23.0,-23.0
3.94,-20.5,-20.5,-20.5,-20.5
3.96,-18.0,-18.0,-18.0,-18.0
3.98,-15.499999999999998,-15.499999999999998,-15.499999999999998,-15.499999999999998
4.0,-13.0,-13.0,-13.0,-13.0
4.0200000000000005,-13.500000000000012,-13.500000000000012,-13.500000000000012,-13.500000000000012
4.04,-13.999999999999998,-13.999999999999998,-13.999999999999998,-13.999999999999998
4.0600000000000005,-14.500000000000012,-14.500000000000012,-14.500000000000012,-14.500000000000012
4.08,-15.0,-15.0,-15.0,-15.0
4.1,-14.250000000000018,-14.250000000000018,-14.250000000000018,-14.250000000000018
4.12,-13.5,-13.5,-13.5,-13.5
4.14,-12.750000000000018,-12.750000000000018,-12.750000000000018,-12.750000000000018
4.16,-12.0,-12.0,-12.0,-12.0
4.18,-12.0,-12.0,-12.0,-12.0
4.2,-12.0,-12.0,-12.0,-12.0
4.22,-12.0,-12.0,-12.0,-12.0
4.24,-12.0,-12.0,-12.0,-12.0
4.26,-11.250000000000018,-11.250000000000018,-11.250000000000018,-11.250000000000018
4.28,-10.5,-10.5,-10.5,-10.5
4.3,-9.750000000000018,-9.750000000000018,-9.750000000000018,-9.750000000000018
4.32,-9.0,-9.0,-9.0,-9.0
4.34,-8.50000000000001,-8.50000000000001,-8.50000000000001,-8.50000000000001
4.36,-8.0,-8.0,-8.0,-8.0
4.38,-7.500000000000011,-7.500000000000011,-7.500000000000011,-7.500000000000011
4.4,-6.999999999999999,-6.999999999999999,-6.999999999999999,-6.999999999999999
4.42,-5.750000000000028,-5.750000000000028,-5.750000000000028,-5.750000000000028
4.44,-4.5,-4.5,-4.5,-4.5
4.46,-3.250000000000027,-3.250000000000027,-3.250000000000027,-3.250000000000027
4.48,-2.0,-2.0,-2.0,-2.0
4.5,-2.0,-2.0,-2.0,-2.0
4.5200000000000005,-2.0,-2.0,-2.0,-2.0
4.54,-2.0,-2.0,-2.0,-2.0
4.5600000000000005,-2.0,-2.0,-2.0,-2.0
4.58,-1.5000000000000058,-1.5000000000000058,-1.5000000000000058,-1.5000000000000058
4.6000000000000005,-0.9999999999999891,-0.9999999999999891,-0.9999999999999891,-0.9999999999999891
4.62,-0.49999999999999445,-0.49999999999999445,-0.49999999999999445,-0.49999999999999445
4.64,0.0,0.0,0.0,0.0
4.66,1.2500000000000278,1.2500000000000278,1.2500000000000278,1.2500000000000278
4.68,2.5,2.5,2.5,2.5
4.7,3.750000000000028,3.750000000000028,3.750000000000028,3.750000000000028
4.72,5.0,5.0,5.0,5.0
4.74,6.500000000000035,6.500000000000035,6.500000000000035,6.500000000000035
4.76,7.999999999999999,7.999999999999999,7.999999999999999,7.999999999999999
4.78,9.500000000000034,9.500000000000034,9.500000000000034,9.500000000000034
4.8,11.0,11.0,11.0,11.0
4.82,11.50000000000001,11.50000000000001,11.50000000000001,11.50000000000001
4.84,12.0,12.0,12.0,12.0
4.86,12.50000000000001,12.50000000000001,12.50000000000001,12.50000000000001
4.88,13.0,13.0,13.0,13.0
4.9,13.750000000000018,13.750000000000018,13.750000000000018,13.750000000000018
4.92,14.499999999999998,14.499999999999998,14.499999999999998,14.499999999999998
4.94,15.250000000000016,15.250000000000016,15.250000000000016,15.250000000000016
4.96,16.0,16.0,16.0,16.0
4.98,15.249999999999984,15.249999999999984,15.249999999999984,15.249999999999984
5.0,14.499999999999998,14.499999999999998,14.499999999999998,14.499999999999998
5.0200000000000005,13.749999999999984,13.749999999999984,13.749999999999984,13.749999999999984
5.04,13.0,13.0,13.0,13.0
5.0600000000000005,15.250000000000052,15.250000000000052,15.250000000000052,15.250000000000052
5.08,17.5,17.5,17.5,17.5
5.1000000000000005,19.75000000000005,19.75000000000005,19.75000000000005,19.75000000000005
5.12,22.0,22.0,22.0,22.0
5.14,22.99999999999998,22.99999999999998,22.99999999999998,22.99999999999998
5.16,24.0,24.0,24.0,24.0
5.18,24.99999999999998,24.99999999999998,24.99999999999998,24.99999999999998
5.2,26.0,26.0,26.0,26.0
5.22,26.0,26.0,26.0,26.0
5.24,26.0,26.0,26.0,26.0
5.26,26.0,26.0,26.0,26.0
5.28,26.0,26.0,26.0,26.0
5.3,28.24999999999995,28.24999999999995,28.24999999999995,28.24999999999995
5.32,30.5,30.5,30.5,30.5
5.34,32.74999999999995,32.74999999999995,32.74999999999995,32.74999999999995
5.36,35.0,35.0,35.0,35.0
5.38,36.24999999999997,36.24999999999997,36.24999999999997,36.24999999999997
5.4,37.49999999999999,37.49999999999999,37.49999999999999,37.49999999999999
5.42,38.74999999999997,38.74999999999997,38.74999999999997,38.74999999999997
5.44,40.0,40.0,40.0,40.0
5.46,39.75000000000001,39.75000000000001,39.75000000000001,39.75000000000001
5.48,39.5,39.5,39.5,39.5
5.5,39.25000000000001,39.25000000000001,39.25000000000001,39.25000000000001
5.5200000000000005,39.0,39.0,39.0,39.0
5.54,40.49999999999997,40.49999999999997,40.49999999999997,40.49999999999997
5.5600000000000005,42.0,42.0,42.0,42.0
5.58,43.49999999999997,43.49999999999997,43.49999999999997,43.49999999999997
5.6000000000000005,45.0,45.0,45.0,45.0
5.62,45.0,45.0,45.0,45.0
5.64,45.0,45.0,45.0,45.0
5.66,45.0,45.0,45.0,45.0
5.68,45.0,45.0,45.0,45.0
5.7,46.00000000000002,46.00000000000002,46.00000000000002,46.00000000000002
5.72,47.0,47.0,47.0,47.0
5.74,48.00000000000002,48.00000000000002,48.00000000000002,48.00000000000002
5.76,49.0,49.0,49.0,49.0
5.78,49.750000000000014,49.750000000000014,49.750000000000014,49.750000000000014
5.8,50.5,50.5,50.5,50.5
5.82,51.25000000000003,51.25000000000003,51.25000000000003,51.25000000000003
5.84,52.0,52.0,52.0,52.0
5.86,51.24999999999999,51.24999999999999,51.24999999999999,51.24999999999999
5.88,50.5,50.5,50.5,50.5
5.9,49.749999999999986,49.749999999999986,49.749999999999986,49.749999999999986
5.92,49.0,49.0,49.0,49.0
5.94,49.750000000000014,49.750000000000014,49.750000000000014,49.750000000000014
5.96,50.5,50.5,50.5,50.5
5.98,51.25000000000003,51.25000000000003,51.25000000000003,51.25000000000003
6.0,52.0,52.0,52.0,52.0
6.0200000000000005,52.50000000000002,52.50000000000002,52.50000000000002,52.50000000000002
6.04,53.0,53.0,53.0,53.0
6.0600000000000005,53.50000000000002,53.50000000000002,53.50000000000002,53.50000000000002
6.08,54.0,54.0,54.0,54.0
6.1000000000000005,54.250000000000014,54.250000000000014,54.250000000000014,54.250000000000014
6.12,54.5,54.5,54.5,54.5
6.140000000000001,54.75,54.75,54.75,54.75
6.16,55.0,55.0,55.0,55.0
6.18,56.49999999999997,56.49999999999997,56.49999999999997,56.49999999999997
6.2,57.99999999999999,57.99999999999999,57.99999999999999,57.99999999999999
6.22,59.49999999999997,59.49999999999997,59.49999999999997,59.49999999999997
6.24,61.0,61.0,61.0,61.0
6.26,60.75000000000001,60.75000000000001,60.75000000000001,60.75000000000001
6.28,60.500000000000014,60.500000000000014,60.500000000000014,60.500000000000014
6.3,60.25000000000002,60.25000000000002,60.25000000000002,60.25000000000002
6.32,60.0,60.0,60.0,60.0
6.34,54.500000000000135,54.500000000000135,54.500000000000135,54.500000000000135
6.36,49.0,49.0,49.0,49.0
6.38,43.50000000000013,43.50000000000013,43.50000000000013,43.50000000000013
6.4,38.0,38.0,38.0,38.0
6.42,32.50000000000013,32.50000000000013,32.50000000000013,32.50000000000013
6.44,27.0,27.0,27.0,27.0
6.46,21.50000000000012,21.50000000000012,21.50000000000012,21.50000000000012
6.48,16.0,16.0,16.0,16.0
6.5,15.000000000000021,15.000000000000021,15.000000000000021,15.000000000000021
6.5200000000000005,13.999999999999998,13.999999999999998,13.999999999999998,13.999999999999998
6.54,13.000000000000023,13.000000000000023,13.000000000000023,13.000000000000023
6.5600000000000005,12.0,12.0,12.0,12.0
6.58,11.000000000000023,11.000000000000023,11.000000000000023,11.000000000000023
6.6000000000000005,10.0,10.0,10.0,10.0
6.62,9.000000000000023,9.000000000000023,9.000000000000023,9.000000000000023
6.640000000000001,8.0,8.0,8.0,8.0
6.66,8.249999999999996,8.249999999999996,8.249999999999996,8.249999999999996
6.68,8.499999999999996,8.499999999999996,8.499999999999996,8.499999999999996
6.7,8.750000000000004,8.750000000000004,8.750000000000004,8.750000000000004
6.72,9.0,9.0,9.0,9.0
6.74,7.499999999999967,7.499999999999967,7.499999999999967,7.499999999999967
6.76,6.0,6.0,6.0,6.0
6.78,4.499999999999967,4.499999999999967,4.499999999999967,4.499999999999967
6.8,3.0,3.0,3.0,3.0
6.82,2.7499999999999947,2.7499999999999947,2.7499999999999947,2.7499999999999947
6.84,2.5,2.5,2.5,2.5
6.86,2.2499999999999947,2.2499999999999947,2.2499999999999947,2.2499999999999947
6.88,2.0,2.0,2.0,2.0
6.9,1.499999999999989,1.499999999999989,1.499999999999989,1.499999999999989
6.92,0.9999999999999999,0.9999999999999999,0.9999999999999999,0.9999999999999999
6.94,0.4999999999999887,0.4999999999999887,0.4999999999999887,0.4999999999999887
6.96,0.0,0.0,0.0,0.0
6.98,0.0,0.0,0.0,0.0
7.0,0.0,0.0,0.0,0.0
7.0200000000000005,0.0,0.0,0.0,0.0
7.04,0.0,0.0,0.0,0.0
7.0600000000000005,-0.25000000000000555,-0.25000000000000555,-0.25000000000000555,-0.25000000000000555
7.08,-0.5000000000000001,-0.5000000000000001,-0.5000000000000001,-0.5000000000000001
7.1000000000000005,-0.7500000000000057,-0.7500000000000057,-0.7500000000000057,-0.7500000000000057
7.12,-1.0,-1.0,-1.0,-1.0
7.140000000000001,-1.5000000000000109,-1.5000000000000109,-1.5000000000000109,-1.5000000000000109
7.16,-2.0000000000000004,-2.0000000000000004,-2.0000000000000004,-2.0000000000000004
7.18,-2.499999999999989,-2.499999999999989,-2.499999999999989,-2.499999999999989
7.2,-3.0,-3.0,-3.0,-3.0
7.22,-3.9999999999999782,-3.9999999999999782,-3.9999999999999782,-3.9999999999999782
7.24,-5.0,-5.0,-5.0,-5.0
7.26,-5.999999999999978,-5.999999999999978,-5.999999999999978,-5.999999999999978
7.28,-6.999999999999999,-6.999999999999999,-6.999999999999999,-6.999999999999999
7.3,-8.249999999999972,-8.249999999999972,-8.249999999999972,-8.249999999999972
7.32,-9.5,-9.5,-9.5,-9.5
7.34,-10.749999999999973,-10.749999999999973,-10.749999999999973,-10.749999999999973
7.36,-12.0,-12.0,-12.0,-12.0
7.38,-12.749999999999984,-12.749999999999984,-12.749999999999984,-12.749999999999984
7.4,-13.5,-13.5,-13.5,-13.5
7.42,-14.249999999999982,-14.249999999999982,-14.249999999999982,-14.249999999999982
7.44,-15.0,-15.0,-15.0,-15.0
7.46,-14.750000000000007,-14.750000000000007,-14.750000000000007,-14.750000000000007
7.48,-14.499999999999998,-14.499999999999998,-14.499999999999998,-14.499999999999998
7.5,-14.250000000000004,-14.250000000000004,-14.250000000000004,-14.250000000000004
7.5200000000000005,-13.999999999999998,-13.999999999999998,-13.999999999999998,-13.999999999999998
7.54,-14.99999999999998,-14.99999999999998,-14.99999999999998,-14.99999999999998
7.5600000000000005,-16.0,-16.0,-16.0,-16.0
7.58,-16.999999999999982,-16.999999999999982,-16.999999999999982,-16.999999999999982
7.6000000000000005,-18.0,-18.0,-18.0,-18.0
7.62,-20.499999999999975,-20.499999999999975,-20.499999999999975,-20.499999999999975
7.640000000000001,-23.000000000000053,-23.000000000000053,-23.000000000000053,-23.000000000000053
7.66,-25.500000000000025,-25.500000000000025,-25.500000000000025,-25.500000000000025
7.68,-27.999999999999996,-27.999999999999996,-27.999999999999996,-27.999999999999996
7.7,-26.99999999999998,-26.99999999999998,-26.99999999999998,-26.99999999999998
7.72,-26.0,-26.0,-26.0,-26.0
7.74,-24.99999999999998,-24.99999999999998,-24.99999999999998,-24.99999999999998
7.76,-24.0,-24.0,-24.0,-24.0
7.78,-25.00000000000002,-25.00000000000002,-25.00000000000002,-25.00000000000002
7.8,-26.0,-26.0,-26.0,-26.0
7.82,-27.00000000000002,-27.00000000000002,-27.00000000000002,-27.00000000000002
7.84,-27.999999999999996,-27.999999999999996,-27.999999999999996,-27.999999999999996
7.86,-27.49999999999999,-27.49999999999999,-27.49999999999999,-27.49999999999999
7.88,-27.0,-27.0,-27.0,-27.0
7.9,-26.49999999999999,-26.49999999999999,-26.49999999999999,-26.49999999999999
7.92,-26.0,-26.0,-26.0,-26.0
7.94,-27.500000000000036,-27.500000000000036,-27.500000000000036,-27.500000000000036
7.96,-28.999999999999996,-28.999999999999996,-28.999999999999996,-28.999999999999996
7.98,-30.500000000000032,-30.500000000000032,-30.500000000000032,-30.500000000000032
8.0,-32.0,-32.0,-32.0,-32.0
8.02,-32.99999999999998,-32.99999999999998,-32.99999999999998,-32.99999999999998
8.040000000000001,-34.00000000000004,-34.00000000000004,-34.00000000000004,-34.00000000000004
8.06,-35.00000000000002,-35.00000000000002,-35.00000000000002,-35.00000000000002
8.08,-36.0,-36.0,-36.0,-36.0
8.1,-36.25,-36.25,-36.25,-36.25
8.120000000000001,-36.500000000000014,-36.500000000000014,-36.500000000000014,-36.500000000000014
8.14,-36.750000000000014,-36.750000000000014,-36.750000000000014,-36.750000000000014
8.16,-37.0,-37.0,-37.0,-37.0
8.18,-37.749999999999986,-37.749999999999986,-37.749999999999986,-37.749999999999986
8.2,-38.49999999999997,-38.49999999999997,-38.49999999999997,-38.49999999999997
8.22,-39.25000000000002,-39.25000000000002,-39.25000000000002,-39.25000000000002
8.24,-40.0,-40.0,-40.0,-40.0
8.26,-40.74999999999998,-40.74999999999998,-40.74999999999998,-40.74999999999998
8.28,-41.49999999999997,-41.49999999999997,-41.49999999999997,-41.49999999999997
8.3,-42.25000000000002,-42.25000000000002,-42.25000000000002,-42.25000000000002
8.32,-43.0,-43.0,-43.0,-43.0
8.34,-43.0,-43.0,-43.0,-43.0
8.36,-43.0,-43.0,-43.0,-43.0
8.38,-43.0,-43.0,-43.0,-43.0
8.4,-43.0,-43.0,-43.0,-43.0
8.42,-43.74999999999998,-43.74999999999998,-43.74999999999998,-43.74999999999998
8.44,-44.49999999999997,-44.49999999999997,-44.49999999999997,-44.49999999999997
8.46,-45.250000000000014,-45.250000000000014,-45.250000000000014,-45.250000000000014
8.48,-46.0,-46.0,-46.0,-46.0
8.5,-45.250000000000014,-45.250000000000014,-45.250000000000014,-45.250000000000014
8.52,-44.50000000000003,-44.50000000000003,-44.50000000000003,-44.50000000000003
8.540000000000001,-43.74999999999998,-43.74999999999998,-43.74999999999998,-43.74999999999998
8.56,-43.0,-43.0,-43.0,-43.0
8.58,-44.24999999999997,-44.24999999999997,-44.24999999999997,-44.24999999999997
8.6,-45.49999999999994,-45.49999999999994,-45.49999999999994,-45.49999999999994
8.620000000000001,-46.75000000000003,-46.75000000000003,-46.75000000000003,-46.75000000000003
8.64,-48.0,-48.0,-48.0,-48.0
8.66,-47.00000000000002,-47.00000000000002,-47.00000000000002,-47.00000000000002
8.68,-46.00000000000005,-46.00000000000005,-46.00000000000005,-46.00000000000005
8.700000000000001,-44.99999999999998,-44.99999999999998,-44.99999999999998,-44.99999999999998
8.72,-44.0,-44.0,-44.0,-44.0
8.74,-45.499999999999964,-45.499999999999964,-45.499999999999964,-45.499999999999964
8.76,-46.999999999999936,-46.999999999999936,-46.999999999999936,-46.999999999999936
8.78,-48.49999999999991,-48.49999999999991,-48.49999999999991,-48.49999999999991
8.8,-50.0,-50.0,-50.0,-50.0
8.82,-45.7500000000001,-45.7500000000001,-45.7500000000001,-45.7500000000001
8.84,-41.50000000000019,-41.50000000000019,-41.50000000000019,-41.50000000000019
8.86,-37.250000000000284,-37.250000000000284,-37.250000000000284,-37.250000000000284
8.88,-33.0,-33.0,-33.0,-33.0
8.9,-29.50000000000008,-29.50000000000008,-29.50000000000008,-29.50000000000008
8.92,-26.00000000000016,-26.00000000000016,-26.00000000000016,-26.00000000000016
8.94,-22.500000000000234,-22.500000000000234,-22.500000000000234,-22.500000000000234
8.96,-19.0,-19.0,-19.0,-19.0
8.98,-17.75000000000003,-17.75000000000003,-17.75000000000003,-17.75000000000003
9.0,-16.500000000000057,-16.500000000000057,-16.500000000000057,-16.500000000000057
9.02,-15.250000000000085,-15.250000000000085,-15.250000000000085,-15.250000000000085
9.040000000000001,-13.999999999999998,-13.999999999999998,-13.999999999999998,-13.999999999999998
9.06,-13.999999999999998,-13.999999999999998,-13.999999999999998,-13.999999999999998
9.08,-13.999999999999998,-13.999999999999998,-13.999999999999998,-13.999999999999998
9.1,-13.999999999999998,-13.999999999999998,-13.999999999999998,-13.999999999999998
9.120000000000001,-13.999999999999998,-13.999999999999998,-13.999999999999998,-13.999999999999998
9.14,-13.250000000000016,-13.250000000000016,-13.250000000000016,-13.250000000000016
9.16,-12.500000000000032,-12.500000000000032,-12.500000000000032,-12.500000000000032
9.18,-11.750000000000052,-11.750000000000052,-11.750000000000052,-11.750000000000052
9.200000000000001,-11.0,-11.0,-11.0,-11.0
9.22,-10.75,-10.75,-10.75,-10.75
9.24,-10.5,-10.5,-10.5,-10.5
9.26,-10.25,-10.25,-10.25,-10.25
9.28,-10.0,-10.0,-10.0,-10.0
9.3,-9.24999999999995,-9.24999999999995,-9.24999999999995,-9.24999999999995
9.32,-8.499999999999966,-8.499999999999966,-8.499999999999966,-8.499999999999966
9.34,-7.749999999999984,-7.749999999999984,-7.749999999999984,-7.749999999999984
9.36,-6.999999999999999,-6.999999999999999,-6.999999999999999,-6.999999999999999
9.38,-6.24999999999995,-6.24999999999995,-6.24999999999995,-6.24999999999995
9.4,-5.499999999999967,-5.499999999999967,-5.499999999999967,-5.499999999999967
9.42,-4.749999999999983,-4.749999999999983,-4.749999999999983,-4.749999999999983
9.44,-4.0,-4.0,-4.0,-4.0
9.46,-3.7499999999999836,-3.7499999999999836,-3.7499999999999836,-3.7499999999999836
9.48,-3.4999999999999893,-3.4999999999999893,-3.4999999999999893,-3.4999999999999893
9.5,-3.2499999999999947,-3.2499999999999947,-3.2499999999999947,-3.2499999999999947
9.52,-3.0,-3.0,-3.0,-3.0
9.540000000000001,-2.2499999999999503,-2.2499999999999503,-2.2499999999999503,-2.2499999999999503
9.56,-1.4999999999999671,-1.4999999999999671,-1.4999999999999671,-1.4999999999999671
9.58,-0.7499999999999833,-0.7499999999999833,-0.7499999999999833,-0.7499999999999833
9.6,0.0,0.0,0.0,0.0
9.620000000000001,0.0,0.0,0.0,0.0
9.64,0.0,0.0,0.0,0.0
9.66,0.0,0.0,0.0,0.0
9.68,0.0,0.0,0.0,0.0
9.700000000000001,0.5000000000000334,0.5000000000000334,0.5000000000000334,0.5000000000000334
9.72,1.0000000000000222,1.0000000000000222,1.0000000000000222,1.0000000000000222
9.74,1.5000000000000113,1.5000000000000113,1.5000000000000113,1.5000000000000113
9.76,2.0,2.0,2.0,2.0
9.78,2.749999999999984,2.749999999999984,2.749999999999984,2.749999999999984
9.8,3.5000000000000333,3.5000000000000333,3.5000000000000333,3.5000000000000333
9.82,4.250000000000018,4.250000000000018,4.250000000000018,4.250000000000018
9.84,5.0,5.0,5.0,5.0
9.86,11.499999999999856,11.499999999999856,11.499999999999856,11.499999999999856
9.88,18.00000000000029,18.00000000000029,18.00000000000029,18.00000000000029
9.9,24.50000000000015,24.50000000000015,24.50000000000015,24.50000000000015
9.92,31.0,31.0,31.0,31.0
9.94,28.500000000000057,28.500000000000057,28.500000000000057,28.500000000000057
9.96,25.99999999999989,25.99999999999989,25.99999999999989,25.99999999999989
9.98,23.499999999999947,23.499999999999947,23.499999999999947,23.499999999999947
10.0,21.0,21.0,21.0,21.0
10.02,21.49999999999999,21.49999999999999,21.49999999999999,21.49999999999999
10.040000000000001,22.00000000000002,22.00000000000002,22.00000000000002,22.00000000000002
10.06,22.500000000000007,22.500000000000007,22.500000000000007,22.500000000000007
10.08,23.0,23.0,23.0,23.0
10.1,23.49999999999999,23.49999999999999,23.49999999999999,23.49999999999999
10.120000000000001,24.00000000000002,24.00000000000002,24.00000000000002,24.00000000000002
10.14,24.50000000000001,24.50000000000001,24.50000000000001,24.50000000000001
10.16,25.0,25.0,25.0,25.0
10.18,25.49999999999999,25.49999999999999,25.49999999999999,25.49999999999999
10.200000000000001,26.00000000000002,26.00000000000002,26.00000000000002,26.00000000000002
10.22,26.50000000000001,26.50000000000001,26.50000000000001,26.50000000000001
10.24,27.0,27.0,27.0,27.0
10.26,27.49999999999999,27.49999999999999,27.49999999999999,27.49999999999999
10.28,27.999999999999975,27.999999999999975,27.999999999999975,27.999999999999975
10.3,28.500000000000014,28.500000000000014,28.500000000000014,28.500000000000014
10.32,29.000000000000004,29.000000000000004,29.000000000000004,29.000000000000004
10.34,31.249999999999954,31.249999999999954,31.249999999999954,31.249999999999954
10.36,33.4999999999999,33.4999999999999,33.4999999999999,33.4999999999999
10.38,35.75000000000006,35.75000000000006,35.75000000000006,35.75000000000006
10.4,38.0,38.0,38.0,38.0
10.42,38.0,38.0,38.0,38.0
10.44,38.0,38.0,38.0,38.0
10.46,38.0,38.0,38.0,38.0
10.48,38.0,38.0,38.0,38.0
10.5,39.49999999999997,39.49999999999997,39.49999999999997,39.49999999999997
10.52,40.999999999999936,40.999999999999936,40.999999999999936,40.999999999999936
10.540000000000001,42.500000000000036,42.500000000000036,42.500000000000036,42.500000000000036
10.56,44.0,44.0,44.0,44.0
10.58,43.50000000000001,43.50000000000001,43.50000000000001,43.50000000000001
10.6,43.000000000000014,43.000000000000014,43.000000000000014,43.000000000000014
10.620000000000001,42.49999999999999,42.49999999999999,42.49999999999999,42.49999999999999
10.64,42.0,42.0,42.0,42.0
10.66,43.49999999999997,43.49999999999997,43.49999999999997,43.49999999999997
10.68,44.999999999999936,44.999999999999936,44.999999999999936,44.999999999999936
10.700000000000001,46.50000000000004,46.50000000000004,46.50000000000004,46.50000000000004
10.72,48.0,48.0,48.0,48.0
10.74,49.249999999999986,49.249999999999986,49.249999999999986,49.249999999999986
10.76,50.49999999999995,50.49999999999995,50.49999999999995,50.49999999999995
10.78,51.74999999999992,51.74999999999992,51.74999999999992,51.74999999999992
10.8,53.0,53.0,53.0,53.0
10.82,52.75000000000001,52.75000000000001,52.75000000000001,52.75000000000001
10.84,52.50000000000002,52.50000000000002,52.50000000000002,52.50000000000002
10.86,52.25000000000003,52.25000000000003,52.25000000000003,52.25000000000003
10.88,52.0,52.0,52.0,52.0
10.9,52.0,52.0,52.0,52.0
10.92,52.0,52.0,52.0,52.0
10.94,52.0,52.0,52.0,52.0
10.96,52.0,52.0,52.0,52.0
10.98,52.25000000000001,52.25000000000001,52.25000000000001,52.25000000000001
11.0,52.499999999999986,52.499999999999986,52.499999999999986,52.499999999999986
11.02,52.749999999999986,52.749999999999986,52.749999999999986,52.749999999999986
11.040000000000001,53.0,53.0,53.0,53.0
11.06,53.499999999999986,53.499999999999986,53.499999999999986,53.499999999999986
11.08,53.99999999999998,53.99999999999998,53.99999999999998,53.99999999999998
11.1,54.499999999999964,54.499999999999964,54.499999999999964,54.499999999999964
11.120000000000001,55.0,55.0,55.0,55.0
11.14,56.49999999999997,56.49999999999997,56.49999999999997,56.49999999999997
11.16,57.99999999999993,57.99999999999993,57.99999999999993,57.99999999999993
11.18,59.49999999999991,59.49999999999991,59.49999999999991,59.49999999999991
11.200000000000001,61.0,61.0,61.0,61.0
11.22,61.25000000000001,61.25000000000001,61.25000000000001,61.25000000000001
11.24,61.5,61.5,61.5,61.5
11.26,61.75000000000001,61.75000000000001,61.75000000000001,61.75000000000001
11.28,62.0,62.0,62.0,62.0
11.3,58.9999999999998,58.9999999999998,58.9999999999998,58.9999999999998
11.32,55.99999999999988,55.99999999999988,55.99999999999988,55.99999999999988
11.34,52.999999999999936,52.999999999999936,52.999999999999936,52.999999999999936
11.36,50.0,50.0,50.0,50.0
11.38,43.49999999999957,43.49999999999957,43.49999999999957,43.49999999999957
11.4,36.999999999999716,36.999999999999716,36.999999999999716,36.999999999999716
11.42,30.499999999999858,30.499999999999858,30.499999999999858,30.499999999999858
11.44,24.0,24.0,24.0,24.0
11.46,20.749999999999783,20.749999999999783,20.749999999999783,20.749999999999783
11.48,17.499999999999858,17.499999999999858,17.499999999999858,17.499999999999858
11.5,14.24999999999993,14.24999999999993,14.24999999999993,14.24999999999993
11.52,11.0,11.0,11.0,11.0
11.540000000000001,10.749999999999984,10.749999999999984,10.749999999999984,10.749999999999984
11.56,10.49999999999999,10.49999999999999,10.49999999999999,10.49999999999999
11.58,10.249999999999995,10.249999999999995,10.249999999999995,10.249999999999995
11.6,10.0,10.0,10.0,10.0
11.620000000000001,9.749999999999984,9.749999999999984,9.749999999999984,9.749999999999984
11.64,9.49999999999999,9.49999999999999,9.49999999999999,9.49999999999999
11.66,9.249999999999996,9.249999999999996,9.249999999999996,9.249999999999996
11.68,9.0,9.0,9.0,9.0
11.700000000000001,7.749999999999917,7.749999999999917,7.749999999999917,7.749999999999917
11.72,6.499999999999944,6.499999999999944,6.499999999999944,6.499999999999944
11.74,5.2499999999999725,5.2499999999999725,5.2499999999999725,5.2499999999999725
11.76,4.0,4.0,4.0,4.0
11.78,4.999999999999978,4.999999999999978,4.999999999999978,4.999999999999978
11.8,6.0000000000000435,6.0000000000000435,6.0000000000000435,6.0000000000000435
11.82,7.000000000000023,7.000000000000023,7.000000000000023,7.000000000000023
11.84,8.0,8.0,8.0,8.0
11.86,6.25000000000004,6.25000000000004,6.25000000000004,6.25000000000004
11.88,4.499999999999923,4.499999999999923,4.499999999999923,4.499999999999923
11.9,2.749999999999962,2.749999999999962,2.749999999999962,2.749999999999962
11.92,1.0,1.0,1.0,1.0
11.94,0.5000000000000111,0.5000000000000111,0.5000000000000111,0.5000000000000111
11.96,-2.2248312238364254e-14,-2.2248312238364254e-14,-2.2248312238364254e-14,-2.2248312238364254e-14
11.98,-0.5000000000000114,-0.5000000000000114,-0.5000000000000114,-0.5000000000000114
12.0,-1.0,-1.0,-1.0,-1.0
12.02,-1.0,-1.0,-1.0,-1.0
12.040000000000001,-1.0,-1.0,-1.0,-1.0
12.06,-1.0,-1.0,-1.0,-1.0
12.08,-1.0,-1.0,-1.0,-1.0
12.1,-1.2499999999999944,-1.2499999999999944,-1.2499999999999944,-1.2499999999999944
12.120000000000001,-1.5000000000000109,-1.5000000000000109,-1.5000000000000109,-1.5000000000000109
12.14,-1.7500000000000058,-1.7500000000000058,-1.7500000000000058,-1.7500000000000058
12.16,-2.0,-2.0,-2.0,-2.0
12.18,-3.4999999999999676,-3.4999999999999676,-3.4999999999999676,-3.4999999999999676
12.200000000000001,-5.0000000000000675,-5.0000000000000675,-5.0000000000000675,-5.0000000000000675
12.22,-6.500000000000035,-6.500000000000035,-6.500000000000035,-6.500000000000035
12.24,-8.0,-8.0,-8.0,-8.0
12.26,-8.249999999999995,-8.249999999999995,-8.249999999999995,-8.249999999999995
12.280000000000001,-8.50000000000001,-8.50000000000001,-8.50000000000001,-8.50000000000001
12.3,-8.750000000000005,-8.750000000000005,-8.750000000000005,-8.750000000000005
12.32,-9.0,-9.0,-9.0,-9.0
12.34,-9.49999999999999,-9.49999999999999,-9.49999999999999,-9.49999999999999
12.36,-9.999999999999979,-9.999999999999979,-9.999999999999979,-9.999999999999979
12.38,-10.50000000000001,-10.50000000000001,-10.50000000000001,-10.50000000000001
12.4,-11.0,-11.0,-11.0,-11.0
12.42,-11.999999999999977,-11.999999999999977,-11.999999999999977,-11.999999999999977
12.44,-12.999999999999957,-12.999999999999957,-12.999999999999957,-12.999999999999957
12.46,-14.000000000000023,-14.000000000000023,-14.000000000000023,-14.000000000000023
12.48,-15.0,-15.0,-15.0,-15.0
12.5,-15.999999999999982,-15.999999999999982,-15.999999999999982,-15.999999999999982
12.52,-16.999999999999957,-16.999999999999957,-16.999999999999957,-16.999999999999957
12.540000000000001,-18.00000000000002,-18.00000000000002,-18.00000000000002,-18.00000000000002
12.56,-19.0,-19.0,-19.0,-19.0
12.58,-20.74999999999996,-20.74999999999996,-20.74999999999996,-20.74999999999996
12.6,-22.499999999999922,-22.499999999999922,-22.499999999999922,-22.499999999999922
12.620000000000001,-24.250000000000043,-24.250000000000043,-24.250000000000043,-24.250000000000043
12.64,-26.0,-26.0,-26.0,-26.0
12.66,-26.99999999999998,-26.99999999999998,-26.99999999999998,-26.99999999999998
12.68,-27.99999999999996,-27.99999999999996,-27.99999999999996,-27.99999999999996
12.700000000000001,-29.000000000000025,-29.000000000000025,-29.000000000000025,-29.000000000000025
12.72,-30.0,-30.0,-30.0,-30.0
12.74,-29.250000000000018,-29.250000000000018,-29.250000000000018,-29.250000000000018
12.76,-28.500000000000036,-28.500000000000036,-28.500000000000036,-28.500000000000036
12.780000000000001,-27.749999999999982,-27.749999999999982,-27.749999999999982,-27.749999999999982
12.8,-27.0,-27.0,-27.0,-27.0
12.82,-27.49999999999999,-27.49999999999999,-27.49999999999999,-27.49999999999999
12.84,-27.999999999999975,-27.999999999999975,-27.999999999999975,-27.999999999999975
12.86,-28.499999999999964,-28.499999999999964,-28.499999999999964,-28.499999999999964
12.88,-29.000000000000004,-29.000000000000004,-29.000000000000004,-29.000000000000004
12.9,-29.749999999999986,-29.749999999999986,-29.749999999999986,-29.749999999999986
12.92,-30.499999999999975,-30.499999999999975,-30.499999999999975,-30.499999999999975
12.94,-31.249999999999954,-31.249999999999954,-31.249999999999954,-31.249999999999954
12.96,-32.0,-32.0,-32.0,-32.0
12.98,-32.99999999999998,-32.99999999999998,-32.99999999999998,-32.99999999999998
13.0,-33.999999999999964,-33.999999999999964,-33.999999999999964,-33.999999999999964
13.02,-34.999999999999936,-34.999999999999936,-34.999999999999936,-34.999999999999936
13.040000000000001,-36.0,-36.0,-36.0,-36.0
13.06,-36.749999999999986,-36.749999999999986,-36.749999999999986,-36.749999999999986
13.08,-37.49999999999997,-37.49999999999997,-37.49999999999997,-37.49999999999997
13.1,-38.24999999999995,-38.24999999999995,-38.24999999999995,-38.24999999999995
13.120000000000001,-39.0,-39.0,-39.0,-39.0
13.14,-39.24999999999999,-39.24999999999999,-39.24999999999999,-39.24999999999999
13.16,-39.49999999999999,-39.49999999999999,-39.49999999999999,-39.49999999999999
13.18,-39.749999999999986,-39.749999999999986,-39.749999999999986,-39.749999999999986
13.200000000000001,-40.0,-40.0,-40.0,-40.0
13.22,-40.24999999999999,-40.24999999999999,-40.24999999999999,-40.24999999999999
13.24,-40.499999999999986,-40.499999999999986,-40.499999999999986,-40.499999999999986
13.26,-40.74999999999998,-40.74999999999998,-40.74999999999998,-40.74999999999998
13.280000000000001,-41.0,-41.0,-41.0,-41.0
13.3,-42.0,-42.0,-42.0,-42.0
13.32,-43.0,-43.0,-43.0,-43.0
13.34,-44.0,-44.0,-44.0,-44.0
13.36,-45.0,-45.0,-45.0,-45.0
13.38,-44.49999999999997,-44.49999999999997,-44.49999999999997,-44.49999999999997
13.4,-43.99999999999998,-43.99999999999998,-43.99999999999998,-43.99999999999998
13.42,-43.49999999999999,-43.49999999999999,-43.49999999999999,-43.49999999999999
13.44,-43.0,-43.0,-43.0,-43.0
13.46,-43.0,-43.0,-43.0,-43.0
13.48,-43.0,-43.0,-43.0,-43.0
13.5,-43.0,-43.0,-43.0,-43.0
13.52,-43.0,-43.0,-43.0,-43.0
13.540000000000001,-43.50000000000003,-43.50000000000003,-43.50000000000003,-43.50000000000003
13.56,-44.000000000000014,-44.000000000000014,-44.000000000000014,-44.000000000000014
13.58,-44.500000000000014,-44.500000000000014,-44.500000000000014,-44.500000000000014
13.6,-45.0,-45.0,-45.0,-45.0
13.620000000000001,-45.50000000000003,-45.50000000000003,-45.50000000000003,-45.50000000000003
13.64,-46.000000000000014,-46.000000000000014,-46.000000000000014,-46.000000000000014
13.66,-46.500000000000014,-46.500000000000014,-46.500000000000014,-46.500000000000014
13.68,-47.0,-47.0,-47.0,-47.0
13.700000000000001,-47.250000000000014,-47.250000000000014,-47.250000000000014,-47.250000000000014
13.72,-47.500000000000014,-47.500000000000014,-47.500000000000014,-47.500000000000014
13.74,-47.75000000000001,-47.75000000000001,-47.75000000000001,-47.75000000000001
13.76,-48.0,-48.0,-48.0,-48.0
13.780000000000001,-46.749999999999915,-46.749999999999915,-46.749999999999915,-46.749999999999915
13.8,-45.49999999999994,-45.49999999999994,-45.49999999999994,-45.49999999999994
13.82,-44.24999999999997,-44.24999999999997,-44.24999999999997,-44.24999999999997
13.84,-43.0,-43.0,-43.0,-43.0
13.86,-37.750000000000114,-37.750000000000114,-37.750000000000114,-37.750000000000114
13.88,-32.49999999999976,-32.49999999999976,-32.49999999999976,-32.49999999999976
13.9,-27.249999999999883,-27.249999999999883,-27.249999999999883,-27.249999999999883
13.92,-22.0,-22.0,-22.0,-22.0
13.94,-19.500000000000057,-19.500000000000057,-19.500000000000057,-19.500000000000057
13.96,-16.99999999999989,-16.99999999999989,-16.99999999999989,-16.99999999999989
13.98,-14.499999999999945,-14.499999999999945,-14.499999999999945,-14.499999999999945
14.0,-12.0,-12.0,-12.0,-12.0
14.02,-12.749999999999984,-12.749999999999984,-12.749999999999984,-12.749999999999984
14.040000000000001,-13.500000000000034,-13.500000000000034,-13.500000000000034,-13.500000000000034
14.06,-14.250000000000018,-14.250000000000018,-14.250000000000018,-14.250000000000018
14.08,-15.0,-15.0,-15.0,-15.0
14.1,-13.500000000000034,-13.500000000000034,-13.500000000000034,-13.500000000000034
14.120000000000001,-11.999999999999934,-11.999999999999934,-11.999999999999934,-11.999999999999934
14.14,-10.499999999999968,-10.499999999999968,-10.499999999999968,-10.499999999999968
14.16,-9.0,-9.0,-9.0,-9.0
14.18,-9.249999999999996,-9.249999999999996,-9.249999999999996,-9.249999999999996
14.200000000000001,-9.500000000000012,-9.500000000000012,-9.500000000000012,-9.500000000000012
14.22,-9.750000000000005,-9.750000000000005,-9.750000000000005,-9.750000000000005
14.24,-10.0,-10.0,-10.0,-10.0
14.26,-9.250000000000016,-9.250000000000016,-9.250000000000016,-9.250000000000016
14.280000000000001,-8.499999999999966,-8.499999999999966,-8.499999999999966,-8.499999999999966
14.3,-7.749999999999984,-7.749999999999984,-7.749999999999984,-7.749999999999984
14.32,-6.999999999999999,-6.999999999999999,-6.999999999999999,-6.999999999999999
14.34,-6.500000000000011,-6.500000000000011,-6.500000000000011,-6.500000000000011
14.36,-6.000000000000023,-6.000000000000023,-6.000000000000023,-6.000000000000023
14.38,-5.4999999999999885,-5.4999999999999885,-5.4999999999999885,-5.4999999999999885
14.4,-5.0,-5.0,-5.0,-5.0
14.42,-4.000000000000022,-4.000000000000022,-4.000000000000022,-4.000000000000022
14.44,-3.0000000000000444,-3.0000000000000444,-3.0000000000000444,-3.0000000000000444
14.46,-1.9999999999999771,-1.9999999999999771,-1.9999999999999771,-1.9999999999999771
14.48,-1.0,-1.0,-1.0,-1.0
14.5,-1.0,-1.0,-1.0,-1.0
14.52,-1.0,-1.0,-1.0,-1.0
14.540000000000001,-1.0,-1.0,-1.0,-1.0
14.56,-1.0,-1.0,-1.0,-1.0
14.58,-0.7500000000000054,-0.7500000000000054,-0.7500000000000054,-0.7500000000000054
14.6,-0.5000000000000111,-0.5000000000000111,-0.5000000000000111,-0.5000000000000111
14.620000000000001,-0.24999999999999434,-0.24999999999999434,-0.24999999999999434,-0.24999999999999434
14.64,0.0,0.0,0.0,0.0
14.66,1.999999999999956,1.999999999999956,1.999999999999956,1.999999999999956
14.68,3.999999999999912,3.999999999999912,3.999999999999912,3.999999999999912
14.700000000000001,6.000000000000045,6.000000000000045,6.000000000000045,6.000000000000045
14.72,8.0,8.0,8.0,8.0
14.74,7.500000000000011,7.500000000000011,7.500000000000011,7.500000000000011
14.76,7.000000000000023,7.000000000000023,7.000000000000023,7.000000000000023
14.780000000000001,6.499999999999989,6.499999999999989,6.499999999999989,6.499999999999989
14.8,6.0,6.0,6.0,6.0
14.82,7.499999999999967,7.499999999999967,7.499999999999967,7.499999999999967
14.84,8.999999999999934,8.999999999999934,8.999999999999934,8.999999999999934
14.86,10.499999999999902,10.499999999999902,10.499999999999902,10.499999999999902
14.88,12.0,12.0,12.0,12.0
14.9,13.49999999999997,13.49999999999997,13.49999999999997,13.49999999999997
14.92,14.999999999999934,14.999999999999934,14.999999999999934,14.999999999999934
14.94,16.4999999999999,16.4999999999999,16.4999999999999,16.4999999999999
14.96,18.0,18.0,18.0,18.0
14.98,19.49999999999997,19.49999999999997,19.49999999999997,19.49999999999997
15.0,20.999999999999936,20.999999999999936,20.999999999999936,20.999999999999936
15.02,22.4999999999999,22.4999999999999,22.4999999999999,22.4999999999999
15.040000000000001,24.0,24.0,24.0,24.0
15.06,24.0,24.0,24.0,24.0
15.08,24.0,24.0,24.0,24.0
15.1,24.0,24.0,24.0,24.0
15.120000000000001,24.0,24.0,24.0,24.0
15.14,24.249999999999996,24.249999999999996,24.249999999999996,24.249999999999996
15.16,24.49999999999999,24.49999999999999,24.49999999999999,24.49999999999999
15.18,24.749999999999986,24.749999999999986,24.749999999999986,24.749999999999986
15.200000000000001,25.0,25.0,25.0,25.0
15.22,25.249999999999996,25.249999999999996,25.249999999999996,25.249999999999996
15.24,25.49999999999999,25.49999999999999,25.49999999999999,25.49999999999999
15.26,25.749999999999986,25.749999999999986,25.749999999999986,25.749999999999986
15.280000000000001,26.0,26.0,26.0,26.0
15.3,28.750000000000004,28.750000000000004,28.750000000000004,28.750000000000004
15.32,31.5,31.5,31.5,31.5
15.34,34.25,34.25,34.25,34.25
15.36,37.0,37.0,37.0,37.0
15.38,37.500000000000036,37.500000000000036,37.500000000000036,37.500000000000036
15.4,38.00000000000002,38.00000000000002,38.00000000000002,38.00000000000002
15.42,38.50000000000001,38.50000000000001,38.50000000000001,38.50000000000001
15.44,39.0,39.0,39.0,39.0
15.46,39.25000000000002,39.25000000000002,39.25000000000002,39.25000000000002
15.48,39.50000000000001,39.50000000000001,39.50000000000001,39.50000000000001
15.5,39.75000000000001,39.75000000000001,39.75000000000001,39.75000000000001
15.52,40.0,40.0,40.0,40.0
15.540000000000001,41.250000000000085,41.250000000000085,41.250000000000085,41.250000000000085
15.56,42.50000000000006,42.50000000000006,42.50000000000006,42.50000000000006
15.58,43.75000000000003,43.75000000000003,43.75000000000003,43.75000000000003
15.6,45.0,45.0,45.0,45.0
15.620000000000001,45.250000000000014,45.250000000000014,45.250000000000014,45.250000000000014
15.64,45.50000000000001,45.50000000000001,45.50000000000001,45.50000000000001
15.66,45.75000000000001,45.75000000000001,45.75000000000001,45.75000000000001
15.68,46.0,46.0,46.0,46.0
15.700000000000001,46.250000000000014,46.250000000000014,46.250000000000014,46.250000000000014
15.72,46.500000000000014,46.500000000000014,46.500000000000014,46.500000000000014
15.74,46.75,46.75,46.75,46.75
15.76,47.0,47.0,47.0,47.0
15.780000000000001,48.5000000000001,48.5000000000001,48.5000000000001,48.5000000000001
15.8,50.000000000000064,50.000000000000064,50.000000000000064,50.000000000000064
15.82,51.50000000000003,51.50000000000003,51.50000000000003,51.50000000000003
15.84,53.0,53.0,53.0,53.0
15.860000000000001,52.499999999999964,52.499999999999964,52.499999999999964,52.499999999999964
15.88,51.99999999999998,51.99999999999998,51.99999999999998,51.99999999999998
15.9,51.499999999999986,51.499999999999986,51.499999999999986,51.499999999999986
15.92,51.0,51.0,51.0,51.0
15.94,51.499999999999986,51.499999999999986,51.499999999999986,51.499999999999986
15.96,52.00000000000002,52.00000000000002,52.00000000000002,52.00000000000002
15.98,52.50000000000002,52.50000000000002,52.50000000000002,52.50000000000002
16.0,53.0,53.0,53.0,53.0
16.02,53.24999999999999,53.24999999999999,53.24999999999999,53.24999999999999
16.04,53.49999999999998,53.49999999999998,53.49999999999998,53.49999999999998
16.06,53.74999999999997,53.74999999999997,53.74999999999997,53.74999999999997
16.080000000000002,54.0,54.0,54.0,54.0
16.1,55.0,55.0,55.0,55.0
16.12,55.99999999999999,55.99999999999999,55.99999999999999,55.99999999999999
16.14,57.00000000000001,57.00000000000001,57.00000000000001,57.00000000000001
16.16,58.00000000000001,58.00000000000001,58.00000000000001,58.00000000000001
16.18,58.499999999999986,58.499999999999986,58.499999999999986,58.499999999999986
16.2,58.999999999999964,58.999999999999964,58.999999999999964,58.999999999999964
16.22,59.49999999999994,59.49999999999994,59.49999999999994,59.49999999999994
16.240000000000002,60.0,60.0,60.0,60.0
16.26,60.75000000000001,60.75000000000001,60.75000000000001,60.75000000000001
16.28,61.5,61.5,61.5,61.5
16.3,62.25000000000001,62.25000000000001,62.25000000000001,62.25000000000001
16.32,63.0,63.0,63.0,63.0
16.34,57.250000000000014,57.250000000000014,57.250000000000014,57.250000000000014
16.36,51.50000000000001,51.50000000000001,51.50000000000001,51.50000000000001
16.38,45.75,45.75,45.75,45.75
16.4,40.0,40.0,40.0,40.0
16.42,34.24999999999923,34.24999999999923,34.24999999999923,34.24999999999923
16.44,28.499999999999492,28.499999999999492,28.499999999999492,28.499999999999492
16.46,22.749999999999748,22.749999999999748,22.749999999999748,22.749999999999748
16.48,17.0,17.0,17.0,17.0
16.5,16.0,16.0,16.0,16.0
16.52,15.0,15.0,15.0,15.0
16.54,13.999999999999998,13.999999999999998,13.999999999999998,13.999999999999998
16.56,13.0,13.0,13.0,13.0
16.580000000000002,12.2499999999999,12.2499999999999,12.2499999999999,12.2499999999999
16.6,11.499999999999934,11.499999999999934,11.499999999999934,11.499999999999934
16.62,10.749999999999968,10.749999999999968,10.749999999999968,10.749999999999968
16.64,10.0,10.0,10.0,10.0
16.66,10.0,10.0,10.0,10.0
16.68,10.0,10.0,10.0,10.0
16.7,10.0,10.0,10.0,10.0
16.72,10.0,10.0,10.0,10.0
16.740000000000002,8.749999999999833,8.749999999999833,8.749999999999833,8.749999999999833
16.76,7.499999999999888,7.499999999999888,7.499999999999888,7.499999999999888
16.78,6.249999999999945,6.249999999999945,6.249999999999945,6.249999999999945
16.8,5.0,5.0,5.0,5.0
16.82,4.75,4.75,4.75,4.75
16.84,4.5,4.5,4.5,4.5
16.86,4.25,4.25,4.25,4.25
16.88,4.0,4.0,4.0,4.0
16.9,3.0000000000000444,3.0000000000000444,3.0000000000000444,3.0000000000000444
16.92,1.9999999999999114,1.9999999999999114,1.9999999999999114,1.9999999999999114
16.94,0.9999999999999555,0.9999999999999555,0.9999999999999555,0.9999999999999555
16.96,0.0,0.0,0.0,0.0
16.98,0.0,0.0,0.0,0.0
17.0,0.0,0.0,0.0,0.0
17.02,0.0,0.0,0.0,0.0
17.04,0.0,0.0,0.0,0.0
17.06,-0.7499999999999667,-0.7499999999999667,-0.7499999999999667,-0.7499999999999667
17.080000000000002,-1.5000000000000664,-1.5000000000000664,-1.5000000000000664,-1.5000000000000664
17.1,-2.2500000000000333,-2.2500000000000333,-2.2500000000000333,-2.2500000000000333
17.12,-3.0,-3.0,-3.0,-3.0
17.14,-3.4999999999999996,-3.4999999999999996,-3.4999999999999996,-3.4999999999999996
17.16,-4.0,-4.0,-4.0,-4.0
17.18,-4.5,-4.5,-4.5,-4.5
17.2,-5.0,-5.0,-5.0,-5.0
17.22,-6.499999999999934,-6.499999999999934,-6.499999999999934,-6.499999999999934
17.240000000000002,-8.000000000000133,-8.000000000000133,-8.000000000000133,-8.000000000000133
17.26,-9.500000000000066,-9.500000000000066,-9.500000000000066,-9.500000000000066
17.28,-11.0,-11.0,-11.0,-11.0
17.3,-11.25,-11.25,-11.25,-11.25
17.32,-11.500000000000002,-11.500000000000002,-11.500000000000002,-11.500000000000002
17.34,-11.750000000000002,-11.750000000000002,-11.750000000000002,-11.750000000000002
17.36,-12.0,-12.0,-12.0,-12.0
17.38,-13.499999999999936,-13.499999999999936,-13.499999999999936,-13.499999999999936
17.400000000000002,-15.000000000000133,-15.000000000000133,-15.000000000000133,-15.000000000000133
17.42,-16.500000000000068,-16.500000000000068,-16.500000000000068,-16.500000000000068
17.44,-18.0,-18.0,-18.0,-18.0
17.46,-18.0,-18.0,-18.0,-18.0
17.48,-18.0,-18.0,-18.0,-18.0
17.5,-18.0,-18.0,-18.0,-18.0
17.52,-18.0,-18.0,-18.0,-18.0
17.54,-18.0,-18.0,-18.0,-18.0
17.56,-18.0,-18.0,-18.0,-18.0
17.580000000000002,-18.0,-18.0,-18.0,-18.0
17.6,-18.0,-18.0,-18.0,-18.0
17.62,-20.5,-20.5,-20.5,-20.5
17.64,-23.000000000000004,-23.000000000000004,-23.000000000000004,-23.000000000000004
17.66,-25.5,-25.5,-25.5,-25.5
17.68,-27.999999999999996,-27.999999999999996,-27.999999999999996,-27.999999999999996
17.7,-27.50000000000002,-27.50000000000002,-27.50000000000002,-27.50000000000002
17.72,-27.000000000000046,-27.000000000000046,-27.000000000000046,-27.000000000000046
17.740000000000002,-26.49999999999998,-26.49999999999998,-26.49999999999998,-26.49999999999998
17.76,-26.0,-26.0,-26.0,-26.0
17.78,-26.25,-26.25,-26.25,-26.25
17.8,-26.5,-26.5,-26.5,-26.5
17.82,-26.750000000000004,-26.750000000000004,-26.750000000000004,-26.750000000000004
17.84,-27.0,-27.0,-27.0,-27.0
17.86,-27.0,-27.0,-27.0,-27.0
17.88,-27.0,-27.0,-27.0,-27.0
17.900000000000002,-27.0,-27.0,-27.0,-27.0
17.92,-27.0,-27.0,-27.0,-27.0
17.94,-28.250000000000004,-28.250000000000004,-28.250000000000004,-28.250000000000004
17.96,-29.500000000000004,-29.500000000000004,-29.500000000000004,-29.500000000000004
17.98,-30.75,-30.75,-30.75,-30.75
18.0,-32.0,-32.0,-32.0,-32.0
18.02,-33.74999999999992,-33.74999999999992,-33.74999999999992,-33.74999999999992
18.04,-35.499999999999844,-35.499999999999844,-35.499999999999844,-35.499999999999844
18.06,-37.249999999999766,-37.249999999999766,-37.249999999999766,-37.249999999999766
18.080000000000002,-39.0,-39.0,-39.0,-39.0
18.1,-39.25,-39.25,-39.25,-39.25
18.12,-39.5,-39.5,-39.5,-39.5
18.14,-39.75000000000001,-39.75000000000001,-39.75000000000001,-39.75000000000001
18.16,-40.0,-40.0,-40.0,-40.0
18.18,-40.0,-40.0,-40.0,-40.0
18.2,-40.0,-40.0,-40.0,-40.0
18.22,-40.0,-40.0,-40.0,-40.0
18.240000000000002,-40.0,-40.0,-40.0,-40.0
18.26,-40.0,-40.0,-40.0,-40.0
18.28,-40.0,-40.0,-40.0,-40.0
18.3,-40.0,-40.0,-40.0,-40.0
18.32,-40.0,-40.0,-40.0,-40.0
18.34,-40.99999999999996,-40.99999999999996,-40.99999999999996,-40.99999999999996
18.36,-41.999999999999915,-41.999999999999915,-41.999999999999915,-41.999999999999915
18.38,-42.999999999999865,-42.999999999999865,-42.999999999999865,-42.999999999999865
18.400000000000002,-44.0,-44.0,-44.0,-44.0
18.42,-44.5,-44.5,-44.5,-44.5
18.44,-45.0,-45.0,-45.0,-45.0
18.46,-45.5,-45.5,-45.5,-45.5
18.48,-46.0,-46.0,-46.0,-46.0
18.5,-44.74999999999999,-44.74999999999999,-44.74999999999999,-44.74999999999999
18.52,-43.49999999999999,-43.49999999999999,-43.49999999999999,-43.49999999999999
18.54,-42.25,-42.25,-42.25,-42.25
18.56,-41.0,-41.0,-41.0,-41.0
18.580000000000002,-42.25000000000016,-42.25000000000016,-42.25000000000016,-42.25000000000016
18.6,-43.50000000000011,-43.50000000000011,-43.50000000000011,-43.50000000000011
18.62,-44.75000000000005,-44.75000000000005,-44.75000000000005,-44.75000000000005
18.64,-46.0,-46.0,-46.0,-46.0
18.66,-45.24999999999999,-45.24999999999999,-45.24999999999999,-45.24999999999999
18.68,-44.5,-44.5,-44.5,-44.5
18.7,-43.75,-43.75,-43.75,-43.75
18.72,-43.0,-43.0,-43.0,-43.0
18.740000000000002,-44.5000000000002,-44.5000000000002,-44.5000000000002,-44.5000000000002
18.76,-46.000000000000135,-46.000000000000135,-46.000000000000135,-46.000000000000135
18.78,-47.50000000000007,-47.50000000000007,-47.50000000000007,-47.50000000000007
18.8,-49.0,-49.0,-49.0,-49.0
18.82,-45.00000000000001,-45.00000000000001,-45.00000000000001,-45.00000000000001
18.84,-41.0,-41.0,-41.0,-41.0
18.86,-37.0,-37.0,-37.0,-37.0
18.88,-33.0,-33.0,-33.0,-33.0
18.900000000000002,-29.2499999999995,-29.2499999999995,-29.2499999999995,-29.2499999999995
18.92,-25.499999999999666,-25.499999999999666,-25.499999999999666,-25.499999999999666
18.94,-21.749999999999833,-21.749999999999833,-21.749999999999833,-21.749999999999833
18.96,-18.0,-18.0,-18.0,-18.0
18.98,-16.500000000000004,-16.500000000000004,-16.500000000000004,-16.500000000000004
19.0,-15.0,-15.0,-15.0,-15.0
19.02,-13.5,-13.5,-13.5,-13.5
19.04,-12.0,-12.0,-12.0,-12.0
19.06,-12.24999999999999,-12.24999999999999,-12.24999999999999,-12.24999999999999
19.080000000000002,-12.500000000000025,-12.500000000000025,-12.500000000000025,-12.500000000000025
19.1,-12.75000000000001,-12.75000000000001,-12.75000000000001,-12.75000000000001
19.12,-13.0,-13.0,-13.0,-13.0
19.14,-12.75,-12.75,-12.75,-12.75
19.16,-12.5,-12.5,-12.5,-12.5
19.18,-12.25,-12.25,-12.25,-12.25
19.2,-12.0,-12.0,-12.0,-12.0
19.22,-11.500000000000023,-11.500000000000023,-11.500000000000023,-11.500000000000023
19.240000000000002,-10.999999999999957,-10.999999999999957,-10.999999999999957,-10.999999999999957
19.26,-10.499999999999979,-10.499999999999979,-10.499999999999979,-10.499999999999979
19.28,-10.0,-10.0,-10.0,-10.0
19.3,-9.0,-9.0,-9.0,-9.0
19.32,-8.0,-8.0,-8.0,-8.0
19.34,-6.999999999999999,-6.999999999999999,-6.999999999999999,-6.999999999999999
19.36,-6.0,-6.0,-6.0,-6.0
19.38,-5.250000000000034,-5.250000000000034,-5.250000000000034,-5.250000000000034
19.400000000000002,-4.499999999999934,-4.499999999999934,-4.499999999999934,-4.499999999999934
19.42,-3.749999999999968,-3.749999999999968,-3.749999999999968,-3.749999999999968
19.44,-3.0,-3.0,-3.0,-3.0
19.46,-2.7500000000000004,-2.7500000000000004,-2.7500000000000004,-2.7500000000000004
19.48,-2.5,-2.5,-2.5,-2.5
19.5,-2.25,-2.25,-2.25,-2.25
19.52,-2.0,-2.0,-2.0,-2.0
19.54,-1.2500000000000335,-1.2500000000000335,-1.2500000000000335,-1.2500000000000335
19.56,-0.5000000000000667,-0.5000000000000667,-0.5000000000000667,-0.5000000000000667
19.580000000000002,0.25000000000003336,0.25000000000003336,0.25000000000003336,0.25000000000003336
19.6,1.0,1.0,1.0,1.0
19.62,1.0,1.0,1.0,1.0
19.64,1.0,1.0,1.0,1.0
19.66,1.0,1.0,1.0,1.0
19.68,1.0,1.0,1.0,1.0
19.7,2.2499999999999445,2.2499999999999445,2.2499999999999445,2.2499999999999445
19.72,3.4999999999998894,3.4999999999998894,3.4999999999998894,3.4999999999998894
19.740000000000002,4.750000000000056,4.750000000000056,4.750000000000056,4.750000000000056
19.76,6.0,6.0,6.0,6.0
19.78,6.5,6.5,6.5,6.5
19.8,6.999999999999999,6.999999999999999,6.999999999999999,6.999999999999999
19.82,7.5,7.5,7.5,7.5
19.84,8.0,8.0,8.0,8.0
19.86,9.249999999999945,9.249999999999945,9.249999999999945,9.249999999999945
19.88,10.49999999999989,10.49999999999989,10.49999999999989,10.49999999999989
19.900000000000002,11.750000000000057,11.750000000000057,11.750000000000057,11.750000000000057
19.92,13.0,13.0,13.0,13.0
