timestamp,DXL_PWM,DXL_Current,DXL_Velocity,Î¸(t),DXL_Input_Voltage,U
0.0,0.0,-0.00269,0.0,-0.05033529562751656,11.9,0.0
0.02,-0.00791,-0.00269,0.0,-0.05033529562751656,11.9,-0.094129
0.04,-0.06441,-0.05111,0.0,-0.05187118536927179,11.9,-0.7664789999999999
0.06,-0.13447,-0.09415,0.0,-0.05187118536927179,11.9,-1.6001930000000002
0.08,-0.19775,-0.11567,-0.047961647844804174,-0.056478854594536575,11.9,-2.353225
0.1,-0.2486,-0.12104999999999999,-0.11990411961201045,-0.06415830330331158,11.9,-2.9583399999999997
0.12,-0.27685000000000004,-0.1076,-0.2398082392240209,-0.07490953149559684,11.9,-3.2945150000000005
0.14,-0.28476,-0.08608,-0.3836931827584334,-0.08719664942963665,11.9,-3.388644
0.16,-0.28024,-0.04573,-0.527578126292846,-0.10409143658894189,11.9,-3.334856
0.18,-0.26894,-0.02152,-0.6474822459048563,-0.12098622374824694,11.9,-3.2003860000000004
0.2,-0.25312,-0.00807,-0.7434055415944647,-0.13788101090755198,11.9,-3.012128
0.22,-0.24069,-0.01345,-0.791367189439269,-0.15477579806685746,11.9,-2.864211
0.24,-0.23617000000000002,-0.01614,-0.815348013361671,-0.17013469548440727,11.9,-2.810423
0.26,-0.24069,-0.0269,-0.791367189439269,-0.1839577031602025,11.9,-2.864211
0.28,-0.24069,-0.03497,-0.7434055415944647,-0.19778071083599755,11.9,-2.864211
0.3,-0.24069,-0.040350000000000004,-0.7194247176720626,-0.21160371851179258,11.9,-2.864211
0.32,-0.24069,-0.05111,-0.6954438937496605,-0.22542672618758786,11.9,-2.864211
0.34,-0.23278000000000001,-0.04304,-0.6714630698272585,-0.23771384412162785,11.9,-2.7700820000000004
0.36,-0.23278000000000001,-0.048420000000000005,-0.6474822459048563,-0.25153685179742286,11.9,-2.7700820000000004
0.38,-0.23278000000000001,-0.05111,-0.6474822459048563,-0.2638239697314629,11.9,-2.7700820000000004
0.4,-0.22826000000000002,-0.061869999999999994,-0.6235014219824542,-0.27611108766550313,11.9,-2.7162940000000004
0.42,-0.22487000000000001,-0.061869999999999994,-0.6235014219824542,-0.28839820559954316,11.9,-2.6759530000000002
0.44,-0.22035,-0.061869999999999994,-0.5995205980600522,-0.3006853235335832,11.9,-2.622165
0.46,-0.22035,-0.06456,-0.5995205980600522,-0.31143655172586826,11.9,-2.622165
0.48,-0.22035,-0.06725,-0.5755397741376501,-0.32218777991815345,11.9,-2.622165
0.5,-0.22035,-0.06994,-0.551558950215248,-0.3329390081104383,11.9,-2.622165
0.52,-0.21696000000000001,-0.07263,-0.527578126292846,-0.3436902363027235,11.9,-2.581824
0.54,-0.21244,-0.07801000000000001,-0.527578126292846,-0.35290557475325357,11.9,-2.528036
0.56,-0.21244,-0.07263,-0.5035973023704439,-0.3636568029455385,11.9,-2.528036
0.58,-0.20905,-0.07263,-0.5035973023704439,-0.37133625165431355,11.9,-2.4876950000000004
0.6,-0.20905,-0.08070000000000001,-0.4796164784480418,-0.3805515901048436,11.9,-2.4876950000000004
0.62,-0.21244,-0.08608,-0.4796164784480418,-0.38976692855537387,11.9,-2.528036
0.64,-0.20905,-0.08877,-0.45563565452563964,-0.39898226700590356,11.9,-2.4876950000000004
0.66,-0.20114,-0.08339,-0.45563565452563964,-0.40819760545643385,11.9,-2.3935660000000003
0.68,-0.19323,-0.08339,-0.43165483060323756,-0.4174129439069639,11.9,-2.299437
0.7000000000000001,-0.18532,-0.08339,-0.43165483060323756,-0.4235565028739839,11.9,-2.205308
0.72,-0.18193,-0.08339,-0.4076740066808355,-0.4312359515827589,11.9,-2.1649670000000003
0.74,-0.18193,-0.09684000000000001,-0.3836931827584334,-0.43891540029153414,11.9,-2.1649670000000003
0.76,-0.17740999999999998,-0.09684000000000001,-0.3597123588360313,-0.44505895925855393,11.9,-2.111179
0.78,-0.17402,-0.09684000000000001,-0.3357315349136292,-0.45120251822557417,11.9,-2.070838
0.8,-0.16949999999999998,-0.09953000000000001,-0.3117507109912271,-0.4573460771925943,11.9,-2.01705
0.8200000000000001,-0.16158999999999998,-0.09953000000000001,-0.28776988706882506,-0.4619537464178592,11.9,-1.9229209999999999
0.84,-0.1582,-0.09953000000000001,-0.28776988706882506,-0.4680973053848795,11.9,-1.8825800000000001
0.86,-0.1582,-0.10491,-0.263789063146423,-0.4727049746101442,11.9,-1.8825800000000001
0.88,-0.15029,-0.10222,-0.2398082392240209,-0.47731264383540917,11.9,-1.7884510000000002
0.9,-0.14238,-0.10222,-0.2398082392240209,-0.4803844233189193,11.9,-1.694322
0.92,-0.13785999999999998,-0.10222,-0.21582741530161878,-0.48499209254418424,11.9,-1.640534
0.9400000000000001,-0.13108,-0.09953000000000001,-0.1918465913792167,-0.48806387202769447,11.9,-1.559852
0.96,-0.12656,-0.10222,-0.1678657674568146,-0.4911356515112043,11.9,-1.506064
0.98,-0.12317,-0.11028999999999999,-0.1678657674568146,-0.49420743099471454,11.9,-1.465723
1.0,-0.11526,-0.10222,-0.14388494353441253,-0.49727921047822427,11.9,-1.371594
1.02,-0.10282999999999999,-0.09684000000000001,-0.11990411961201045,-0.4988151002199795,11.9,-1.223677
1.04,-0.09153,-0.09684000000000001,-0.09592329568960835,-0.5003509899617344,11.9,-1.089207
1.06,-0.09153,-0.09953000000000001,-0.09592329568960835,-0.5018868797034892,11.9,-1.089207
1.08,-0.10282999999999999,-0.13181,-0.07194247176720626,-0.5018868797034892,11.9,-1.223677
1.1,-0.12317,-0.14526,-0.047961647844804174,-0.5018868797034892,11.9,-1.465723
1.12,-0.16158999999999998,-0.17216,-0.023980823922402087,-0.5034227694452443,11.9,-1.9229209999999999
1.1400000000000001,-0.21696000000000001,-0.19368000000000002,-0.023980823922402087,-0.5049586591869996,11.9,-2.581824
1.16,-0.27571999999999997,-0.22596,-0.07194247176720626,-0.5111022181540196,11.9,-3.281068
1.18,-0.33561,-0.24478999999999998,-0.1678657674568146,-0.5187816668627946,11.9,-3.9937590000000003
1.2,-0.38872,-0.23671999999999999,-0.263789063146423,-0.5310687847968347,11.9,-4.625768
1.22,-0.43731000000000003,-0.23671999999999999,-0.4076740066808355,-0.5448917924726299,11.9,-5.203989000000001
1.24,-0.48025,-0.23403,-0.551558950215248,-0.5633224693736898,11.9,-5.714975
1.26,-0.51641,-0.20982,-0.7194247176720626,-0.58482492575826,11.8,-6.093638000000001
1.28,-0.5356200000000001,-0.19906000000000001,-0.8872904851288773,-0.6078632718845853,11.9,-6.373878000000001
1.3,-0.54805,-0.17754,-1.0311754286632897,-0.6339733974944204,11.9,-6.521795000000001
1.32,-0.56952,-0.1883,-1.1510795482753002,-0.6616194128460103,11.9,-6.777288
1.34,-0.56952,-0.18023,-1.2709836678873108,-0.6969448769063757,11.9,-6.777288
1.36,-0.55596,-0.16140000000000002,-1.342926139654517,-0.7245908922579659,11.9,-6.615924000000001
1.3800000000000001,-0.5435300000000001,-0.14257,-1.366906963576919,-0.752236907609556,11.9,-6.468007000000001
1.4000000000000001,-0.51641,-0.13988,-1.366906963576919,-0.7798829229611465,11.9,-6.145279
1.42,-0.48590000000000005,-0.12912,-1.366906963576919,-0.8059930485709813,11.9,-5.782210000000001
1.44,-0.45313000000000003,-0.13181,-1.3189453157321147,-0.8305672844390614,11.9,-5.392247
1.46,-0.41019,-0.11567,-1.2709836678873108,-0.8520697408236316,11.9,-4.881261
1.48,-0.36273000000000005,-0.10222,-1.1750603721977022,-0.8720363074664468,11.9,-4.316487
1.5,-0.30849,-0.08877,-1.0791370765080939,-0.888931094625752,11.9,-3.671031
1.52,-0.24521,-0.08877,-0.9592329568960836,-0.9012182125597918,11.9,-2.917999
1.54,-0.18984,-0.07801000000000001,-0.791367189439269,-0.9119694407520773,11.9,-2.259096
1.56,-0.13108,-0.07263,-0.6474822459048563,-0.9181129997190971,11.9,-1.559852
1.58,-0.0678,-0.06994,-0.4796164784480418,-0.919648889460852,11.9,-0.80682
1.6,-0.00791,-0.03497,-0.28776988706882506,-0.919648889460852,11.9,-0.094129
1.62,0.04746,-0.03228,-0.11990411961201045,-0.9165771099773421,11.9,0.564774
1.6400000000000001,0.1017,-0.024210000000000002,0.023980823922402087,-0.908897661268567,11.9,1.21023
1.6600000000000001,0.15255000000000002,-0.01345,0.1678657674568146,-0.8996823228180371,11.9,1.8153450000000002
1.68,0.19210000000000002,-0.02152,0.3117507109912271,-0.8873952048839969,11.9,2.2859900000000004
1.7,0.21922,-0.040350000000000004,0.4796164784480418,-0.8705004177246919,11.9,2.608718
1.72,0.23165,-0.059179999999999996,0.6235014219824542,-0.8520697408236316,11.9,2.756635
1.74,0.23165,-0.07263,0.7673863655168668,-0.8321031741808166,11.9,2.756635
1.76,0.21922,-0.09146,0.8633096612064751,-0.8121366075380017,11.9,2.608718
1.78,0.20001000000000002,-0.1076,0.9352521329736813,-0.7937059306369415,11.9,2.3801190000000005
1.8,0.18080000000000002,-0.11567,0.9592329568960836,-0.7737393639941264,11.9,2.15152
1.82,0.16046,-0.11567,0.9352521329736813,-0.7568445768348211,11.9,1.909474
1.84,0.15707000000000002,-0.09953000000000001,0.9112713090512793,-0.7414856794172712,11.9,1.8691330000000002
1.86,0.16498000000000002,-0.07801000000000001,0.8633096612064751,-0.7261267819997209,11.9,1.9632620000000003
1.8800000000000001,0.17289000000000002,-0.06725,0.815348013361671,-0.710767884582171,11.9,2.0573910000000004
1.9000000000000001,0.18419,-0.059179999999999996,0.7673863655168668,-0.6954089871646207,11.9,2.191861
1.92,0.19210000000000002,-0.05649,0.7673863655168668,-0.6785142000053158,11.9,2.2859900000000004
1.94,0.19210000000000002,-0.061869999999999994,0.7673863655168668,-0.6631553025877653,11.9,2.2859900000000004
1.96,0.18419,-0.07801000000000001,0.791367189439269,-0.6462605154284605,11.9,2.191861
1.98,0.16837,-0.08608,0.791367189439269,-0.6293657282691553,11.9,2.003603
2.0,0.14464,-0.09953000000000001,0.791367189439269,-0.6140068308516052,11.9,1.7212159999999999
2.02,0.12995,-0.09684000000000001,0.791367189439269,-0.6001838231758101,11.9,1.5464050000000003
2.04,0.11413000000000001,-0.08877,0.7434055415944647,-0.586360815500015,11.9,1.3581470000000002
2.06,0.09831,-0.08877,0.6954438937496605,-0.5740736975659749,11.9,1.169889
2.08,0.08588000000000001,-0.07801000000000001,0.6474822459048563,-0.5633224693736898,11.9,1.021972
2.1,0.07006,-0.08070000000000001,0.5995205980600522,-0.5541071309231598,11.9,0.833714
2.12,0.05876000000000001,-0.07263,0.551558950215248,-0.5433559027308749,11.9,0.6992440000000001
2.14,0.04746,-0.07263,0.4796164784480418,-0.5356764540220996,11.9,0.564774
2.16,0.03955,-0.07263,0.43165483060323756,-0.5295328950550796,11.9,0.47064500000000004
2.18,0.03164,-0.06725,0.3836931827584334,-0.5233893360880596,11.9,0.376516
2.2,0.02373,-0.06725,0.3597123588360313,-0.5172457771210396,11.9,0.282387
2.22,0.01921,-0.061869999999999994,0.3117507109912271,-0.5111022181540196,11.9,0.22859900000000002
2.24,0.01921,-0.059179999999999996,0.28776988706882506,-0.5080304386705096,11.9,0.22859900000000002
2.2600000000000002,0.01921,-0.059179999999999996,0.2398082392240209,-0.5034227694452443,11.9,0.22859900000000002
2.2800000000000002,0.011300000000000001,-0.05649,0.2398082392240209,-0.4988151002199795,11.9,0.13447
2.3000000000000003,0.01582,-0.05649,0.21582741530161878,-0.49420743099471454,11.9,0.188258
2.32,0.02373,-0.0538,0.21582741530161878,-0.48959976176944947,11.9,0.282387
2.34,0.01921,-0.0538,0.21582741530161878,-0.48499209254418424,11.9,0.22859900000000002
2.36,0.01921,-0.0538,0.21582741530161878,-0.4803844233189193,11.9,0.22859900000000002
2.38,0.03164,-0.048420000000000005,0.21582741530161878,-0.4757767540936542,11.9,0.376516
2.4,0.042940000000000006,-0.040350000000000004,0.21582741530161878,-0.47116908486838943,11.9,0.510986
2.42,0.05085,-0.040350000000000004,0.21582741530161878,-0.46656141564312426,11.9,0.605115
2.44,0.05876000000000001,-0.040350000000000004,0.2398082392240209,-0.4604178566761042,11.9,0.6992440000000001
2.46,0.07006,-0.03497,0.2398082392240209,-0.45427429770908423,11.9,0.833714
2.48,0.09040000000000001,-0.0269,0.263789063146423,-0.44659484900030916,11.9,1.07576
2.5,0.10961,-0.01614,0.3117507109912271,-0.43891540029153414,11.9,1.304359
2.52,0.12995,-0.01076,0.3357315349136292,-0.4297000618410042,11.9,1.5464050000000003
2.54,0.16498000000000002,0.0,0.3836931827584334,-0.42048472339047366,11.9,1.9632620000000003
2.56,0.20792000000000002,0.00538,0.45563565452563964,-0.40819760545643385,11.9,2.4742480000000002
2.58,0.25538,0.01345,0.527578126292846,-0.3928387080388838,11.9,3.039022
2.6,0.31074999999999997,0.0269,0.6235014219824542,-0.3744080311378236,11.9,3.6979249999999997
2.62,0.37742000000000003,0.04573,0.7194247176720626,-0.3575132439785185,11.9,4.4912980000000005
2.64,0.46895000000000003,0.07801000000000001,0.8633096612064751,-0.3329390081104383,11.9,5.5805050000000005
2.66,0.55483,0.08608,1.0071946047408877,-0.30682888250060325,11.9,6.602477
2.68,0.5989,0.0538,1.1750603721977022,-0.27457519792374796,11.9,7.12691
2.7,0.5706500000000001,0.0,1.366906963576919,-0.2392497338633826,11.9,6.7907350000000015
2.72,0.48025,-0.05111,1.5347727310337336,-0.20238838006126253,11.9,5.714975
2.74,0.34578000000000003,-0.11028999999999999,1.7026384984905483,-0.1639911365173872,11.9,4.114782000000001
2.7600000000000002,0.18532,-0.19637000000000002,1.7745809702577546,-0.13480923142404197,11.9,2.205308
2.7800000000000002,0.022600000000000002,-0.26362,1.678657674568146,-0.11330677503947213,11.9,0.26894
2.8000000000000003,-0.13108,-0.32818,1.414868611421723,-0.10255554684718687,11.9,-1.559852
2.82,-0.27571999999999997,-0.30396999999999996,1.0071946047408877,-0.10255554684718687,11.9,-3.281068
2.84,-0.40567,-0.25017,0.527578126292846,-0.11177088529771692,11.9,-4.8274729999999995
2.86,-0.5085000000000001,-0.19906000000000001,0.023980823922402087,-0.13173745194053196,11.9,-6.051150000000001
2.88,-0.5887300000000001,-0.20713,-0.43165483060323756,-0.15631168780861224,11.9,-7.005887000000001
2.9,-0.66444,-0.20713,-0.839328837284073,-0.18549359290195752,11.9,-7.906836
2.92,-0.73902,-0.18561,-1.1990411961201044,-0.2223549467040778,11.9,-8.794338
2.94,-0.7898700000000001,-0.17485,-1.4868110831889294,-0.26228807998970793,11.9,-9.399453000000001
2.96,-0.82151,-0.16678,-1.7506001463353522,-0.30682888250060325,11.9,-9.775969
2.98,-0.84411,-0.1345,-1.9664275616369709,-0.35290557475325357,11.9,-10.044909
3.0,-0.85202,-0.12104999999999999,-2.1582741530161877,-0.40051815674765884,11.9,-10.139038000000001
3.02,-0.84411,-0.11835999999999999,-2.3021590965506005,-0.44966662848381916,11.9,-10.044909
3.04,-0.8282900000000001,-0.10222,-2.3741015683178066,-0.4988151002199795,11.9,-9.856651000000001
3.06,-0.7966500000000001,-0.08608,-2.422063216162611,-0.5479635719561397,11.9,-9.480135
3.08,-0.7446699999999999,-0.07263,-2.422063216162611,-0.5940402642087901,11.9,-8.861573
3.1,-0.6859100000000001,-0.04573,-2.3741015683178066,-0.6370451769779303,11.9,-8.162329000000001
3.12,-0.61924,-0.03497,-2.2781782726281983,-0.6785142000053158,11.9,-7.368956000000001
3.14,-0.5435300000000001,-0.029589999999999998,-2.1582741530161877,-0.7153755538074359,11.9,-6.468007000000001
3.16,-0.45765,-0.01345,-1.9904083855593735,-0.7460933486425361,11.9,-5.446035
3.18,-0.36725,-0.01076,-1.7985617941801566,-0.7737393639941264,11.9,-4.370275
3.2,-0.28024,-0.00807,-1.5587535549561355,-0.7937059306369415,11.9,-3.334856
3.22,-0.19323,-0.00269,-1.2949644918097125,-0.8090648280544914,11.9,-2.299437
3.24,-0.11074,-0.01345,-1.0311754286632897,-0.8198160562467764,11.9,-1.317806
3.2600000000000002,-0.04407,-0.02152,-0.7434055415944647,-0.8228878357302862,11.9,-0.524433
3.2800000000000002,0.01921,-0.01076,-0.4796164784480418,-0.8213519459885316,11.9,0.22859900000000002
3.3000000000000003,0.08249000000000001,-0.00807,-0.21582741530161878,-0.8182801665050216,11.9,0.9816310000000001
3.3200000000000003,0.12543,-0.03497,0.047961647844804174,-0.8059930485709813,11.9,1.4926170000000003
3.34,0.15255000000000002,-0.03497,0.28776988706882506,-0.7921700408951865,11.9,1.8153450000000002
3.36,0.16837,-0.05649,0.43165483060323756,-0.7783470332193912,11.9,2.003603
3.38,0.16498000000000002,-0.07263,0.551558950215248,-0.762988135801841,11.9,1.9632620000000003
3.4,0.14916000000000001,-0.09415,0.6474822459048563,-0.7476292383842913,11.9,1.7750040000000002
3.42,0.14125,-0.09684000000000001,0.6954438937496605,-0.7322703409667408,11.9,1.680875
3.44,0.14916000000000001,-0.08070000000000001,0.7434055415944647,-0.7184473332909458,11.9,1.7750040000000002
3.46,0.16046,-0.06994,0.7194247176720626,-0.7030884358733959,11.9,1.909474
3.48,0.17289000000000002,-0.0538,0.7194247176720626,-0.6892654281976006,11.9,2.0573910000000004
3.5,0.18419,-0.04573,0.7194247176720626,-0.6739065307800506,11.9,2.191861
3.52,0.19210000000000002,-0.059179999999999996,0.7194247176720626,-0.6585476333625007,11.9,2.2859900000000004
3.54,0.19210000000000002,-0.06725,0.7434055415944647,-0.6431887359449504,11.9,2.2859900000000004
3.56,0.18871000000000002,-0.06994,0.7673863655168668,-0.6262939487856453,11.9,2.2456490000000002
3.58,0.17289000000000002,-0.08339,0.791367189439269,-0.6093991616263401,11.9,2.0573910000000004
3.6,0.14916000000000001,-0.09146,0.791367189439269,-0.5940402642087901,11.9,1.7750040000000002
3.62,0.12995,-0.09146,0.791367189439269,-0.5786813667912398,11.9,1.5464050000000003
3.64,0.10961,-0.09684000000000001,0.7434055415944647,-0.5663942488571998,11.9,1.304359
3.66,0.09831,-0.08070000000000001,0.7194247176720626,-0.5541071309231598,11.9,1.169889
3.68,0.08249000000000001,-0.08070000000000001,0.6474822459048563,-0.5433559027308749,11.9,0.9816310000000001
3.7,0.06667,-0.07801000000000001,0.5995205980600522,-0.5326046745385898,11.9,0.793373
3.72,0.05876000000000001,-0.07263,0.527578126292846,-0.5249252258298145,11.9,0.6992440000000001
3.74,0.04746,-0.07263,0.4796164784480418,-0.5172457771210396,11.9,0.564774
3.7600000000000002,0.03955,-0.06725,0.43165483060323756,-0.5095663284122646,11.9,0.47064500000000004
3.7800000000000002,0.03164,-0.061869999999999994,0.3836931827584334,-0.5049586591869996,11.9,0.376516
3.8000000000000003,0.02373,-0.061869999999999994,0.3357315349136292,-0.4988151002199795,11.9,0.282387
3.8200000000000003,0.01921,-0.061869999999999994,0.28776988706882506,-0.49267154125295953,11.9,0.22859900000000002
3.84,0.01582,-0.059179999999999996,0.263789063146423,-0.48806387202769447,11.9,0.188258
3.86,0.01582,-0.059179999999999996,0.2398082392240209,-0.48345620280242924,11.9,0.188258
3.88,0.011300000000000001,-0.05649,0.21582741530161878,-0.4803844233189193,11.9,0.13447
3.9,0.01582,-0.05649,0.21582741530161878,-0.4757767540936542,11.9,0.188258
3.92,0.02373,-0.04573,0.1918465913792167,-0.4727049746101442,11.9,0.282387
3.94,0.02373,-0.04573,0.1918465913792167,-0.4680973053848795,11.9,0.282387
3.96,0.02373,-0.04573,0.1918465913792167,-0.463489636159614,11.9,0.282387
3.98,0.03164,-0.048420000000000005,0.1918465913792167,-0.45888196693434896,11.9,0.376516
4.0,0.042940000000000006,-0.040350000000000004,0.1918465913792167,-0.45427429770908423,11.9,0.510986
4.0200000000000005,0.05085,-0.03497,0.21582741530161878,-0.44813073874206416,11.9,0.605115
4.04,0.06328,-0.03228,0.2398082392240209,-0.4435230695167992,11.9,0.753032
4.0600000000000005,0.07458000000000001,-0.029589999999999998,0.2398082392240209,-0.4373795105497789,11.9,0.8875020000000001
4.08,0.09040000000000001,-0.02152,0.263789063146423,-0.4297000618410042,11.9,1.07576
4.1,0.10961,-0.01614,0.3117507109912271,-0.4235565028739839,11.9,1.304359
4.12,0.12995,-0.01345,0.3357315349136292,-0.41280527468169886,11.9,1.5464050000000003
4.14,0.16498000000000002,0.0,0.3836931827584334,-0.4035899362311689,11.9,1.9632620000000003
4.16,0.20792000000000002,0.00538,0.45563565452563964,-0.39130281829712893,11.9,2.4742480000000002
4.18,0.25538,0.01614,0.527578126292846,-0.3759439208795785,11.9,3.039022
4.2,0.30736,0.0269,0.5995205980600522,-0.3621209132037836,11.9,3.6575840000000004
4.22,0.36951,0.04573,0.7194247176720626,-0.34215434656096827,11.9,4.397169
4.24,0.46895000000000003,0.08608,0.839328837284073,-0.317580110692888,11.9,5.5805050000000005
4.26,0.55935,0.08608,0.9832137808184854,-0.29146998508305294,11.9,6.656265
4.28,0.5989,0.05111,1.1510795482753002,-0.26075219024795265,11.9,7.12691
4.3,0.57856,0.01076,1.342926139654517,-0.22542672618758786,11.9,6.884863999999999
4.32,0.49155,-0.040350000000000004,1.5107919071113316,-0.18856537238546728,11.9,5.849445
4.34,0.35369,-0.09684000000000001,1.7026384984905483,-0.14709634935808225,11.9,4.2089110000000005
4.36,0.19323,-0.19637000000000002,1.7745809702577546,-0.11177088529771692,11.9,2.299437
4.38,0.027120000000000002,-0.269,1.6546768506457439,-0.09026842891314708,11.9,0.322728
4.4,-0.13108,-0.31742000000000004,1.390887787499321,-0.07951720072086185,11.9,-1.559852
4.42,-0.27233,-0.29320999999999997,0.9832137808184854,-0.07951720072086185,11.9,-3.240727
4.44,-0.39663000000000004,-0.22057999999999997,0.4076740066808355,-0.09180431865490188,11.9,-4.7198970000000005
4.46,-0.49945999999999996,-0.18561,-0.047961647844804174,-0.11177088529771692,11.9,-5.943574
4.48,-0.58534,-0.19368000000000002,-0.5035973023704439,-0.1363451211657972,11.9,-6.965546
4.5,-0.66444,-0.20444,-0.8872904851288773,-0.16859880574265249,11.9,-7.906836
4.5200000000000005,-0.74241,-0.19368000000000002,-1.2230220200425064,-0.20238838006126253,11.9,-8.834679000000001
4.54,-0.7932600000000001,-0.16678,-1.5107919071113316,-0.24385740308864784,11.9,-9.439794000000001
4.5600000000000005,-0.81699,-0.15602000000000002,-1.7506001463353522,-0.28839820559954316,11.9,-9.722181
4.58,-0.84072,-0.13719,-1.9904083855593735,-0.33447489785219325,11.9,-10.004568
4.6000000000000005,-0.84411,-0.11298,-2.1582741530161877,-0.3820874798465988,11.9,-10.044909
4.62,-0.8362,-0.10491,-2.3021590965506005,-0.4297000618410042,11.9,-9.950780000000002
4.64,-0.82038,-0.09415,-2.3741015683178066,-0.4803844233189193,11.9,-9.762522
4.66,-0.78874,-0.08339,-2.422063216162611,-0.5279970053133245,11.9,-9.386006
4.68,-0.74128,-0.07263,-2.422063216162611,-0.5756095873077299,11.9,-8.821232
4.7,-0.6813899999999999,-0.05111,-2.3501207443954044,-0.6186145000768701,11.9,-8.108540999999999
4.72,-0.61924,-0.040350000000000004,-2.2781782726281983,-0.6600835231042554,11.9,-7.368956000000001
4.74,-0.5401400000000001,-0.029589999999999998,-2.134293329093786,-0.6969448769063757,11.9,-6.427666000000001
4.76,-0.45313000000000003,-0.01345,-1.9904083855593735,-0.7276626717414759,11.9,-5.392247
4.78,-0.36725,-0.00538,-1.7745809702577546,-0.7537727973513112,11.9,-4.370275
4.8,-0.28024,-0.01076,-1.5587535549561355,-0.7752752537358811,11.9,-3.334856
4.82,-0.19323,-0.00538,-1.2949644918097125,-0.7906341511534313,11.9,-2.299437
4.84,-0.11074,-0.00538,-1.0311754286632897,-0.7998494896039615,11.9,-1.317806
4.86,-0.04407,-0.01614,-0.7673863655168668,-0.8044571588292265,11.9,-0.524433
4.88,0.022600000000000002,-0.00807,-0.4796164784480418,-0.8029212690874715,11.9,0.26894
4.9,0.08249000000000001,-0.01076,-0.21582741530161878,-0.7998494896039615,11.9,0.9816310000000001
4.92,0.12204000000000001,-0.024210000000000002,0.0,-0.7906341511534313,11.9,1.4522760000000001
4.94,0.15255000000000002,-0.029589999999999998,0.1918465913792167,-0.7798829229611465,11.9,1.8153450000000002
4.96,0.16837,-0.04573,0.3597123588360313,-0.7660599152853512,11.9,2.003603
4.98,0.16498000000000002,-0.06994,0.5035973023704439,-0.752236907609556,11.9,1.9632620000000003
5.0,0.14916000000000001,-0.09415,0.6235014219824542,-0.736878010192006,11.9,1.7750040000000002
5.0200000000000005,0.13673,-0.09684000000000001,0.6954438937496605,-0.721519112774456,11.9,1.627087
5.04,0.14916000000000001,-0.08608,0.7194247176720626,-0.7076961050986608,11.9,1.7750040000000002
5.0600000000000005,0.16498000000000002,-0.06725,0.7194247176720626,-0.6938730974228655,11.9,1.9632620000000003
5.08,0.17289000000000002,-0.0538,0.7194247176720626,-0.6785142000053158,11.9,2.0573910000000004
5.1000000000000005,0.18871000000000002,-0.04573,0.7194247176720626,-0.6631553025877653,11.9,2.2456490000000002
5.12,0.19662,-0.059179999999999996,0.7194247176720626,-0.6477964051702153,11.9,2.339778
5.14,0.19210000000000002,-0.06725,0.7434055415944647,-0.6309016180109102,11.9,2.2859900000000004
5.16,0.18419,-0.07801000000000001,0.7673863655168668,-0.6140068308516052,11.9,2.191861
5.18,0.16837,-0.08608,0.791367189439269,-0.598647933434055,11.9,2.003603
5.2,0.14916000000000001,-0.08608,0.791367189439269,-0.583289036016505,11.9,1.7750040000000002
5.22,0.12995,-0.09146,0.791367189439269,-0.5679301385989549,11.9,1.5464050000000003
5.24,0.10961,-0.09146,0.7434055415944647,-0.5556430206649148,11.9,1.304359
5.26,0.09379,-0.08608,0.6954438937496605,-0.5433559027308749,11.9,1.116101
5.28,0.07797000000000001,-0.08339,0.6474822459048563,-0.5326046745385898,11.9,0.9278430000000002
5.3,0.06667,-0.07801000000000001,0.5755397741376501,-0.5233893360880596,11.9,0.793373
5.32,0.05876000000000001,-0.07263,0.5035973023704439,-0.5141739976375295,11.9,0.6992440000000001
5.34,0.04746,-0.06725,0.45563565452563964,-0.5080304386705096,11.9,0.564774
5.36,0.03955,-0.06456,0.4076740066808355,-0.5018868797034892,11.9,0.47064500000000004
5.38,0.03164,-0.06456,0.3597123588360313,-0.49420743099471454,11.9,0.376516
5.4,0.02373,-0.06456,0.3117507109912271,-0.48959976176944947,11.9,0.282387
5.42,0.01921,-0.06456,0.28776988706882506,-0.48345620280242924,11.9,0.22859900000000002
5.44,0.01921,-0.059179999999999996,0.263789063146423,-0.4803844233189193,11.9,0.22859900000000002
5.46,0.01921,-0.059179999999999996,0.2398082392240209,-0.4757767540936542,11.9,0.22859900000000002
5.48,0.011300000000000001,-0.0538,0.21582741530161878,-0.47116908486838943,11.9,0.13447
5.5,0.01582,-0.0538,0.21582741530161878,-0.4680973053848795,11.9,0.188258
5.5200000000000005,0.02373,-0.048420000000000005,0.1918465913792167,-0.463489636159614,11.9,0.282387
5.54,0.01921,-0.048420000000000005,0.1918465913792167,-0.45888196693434896,11.9,0.22859900000000002
5.5600000000000005,0.02373,-0.048420000000000005,0.1918465913792167,-0.45581018745083923,11.9,0.282387
5.58,0.03503,-0.04304,0.1918465913792167,-0.45120251822557417,11.9,0.416857
5.6000000000000005,0.042940000000000006,-0.040350000000000004,0.1918465913792167,-0.44659484900030916,11.9,0.510986
5.62,0.05085,-0.03497,0.21582741530161878,-0.440451290033289,11.9,0.605115
5.64,0.05876000000000001,-0.03497,0.21582741530161878,-0.4358436208080242,11.9,0.6992440000000001
5.66,0.07458000000000001,-0.0269,0.2398082392240209,-0.4297000618410042,11.9,0.8875020000000001
5.68,0.09379,-0.01614,0.263789063146423,-0.4235565028739839,11.9,1.116101
5.7,0.10961,-0.01614,0.28776988706882506,-0.4158770541652089,11.9,1.304359
5.72,0.13334,-0.00538,0.3357315349136292,-0.40666171571467863,11.9,1.586746
5.74,0.16837,0.0,0.3836931827584334,-0.3959104875223936,11.9,2.003603
5.76,0.21131,0.00269,0.43165483060323756,-0.3851592593301086,11.9,2.514589
5.78,0.2599,0.01614,0.527578126292846,-0.36980036191255855,11.9,3.0928100000000005
5.8,0.31074999999999997,0.029589999999999998,0.5995205980600522,-0.3544414644950086,11.9,3.6979249999999997
5.82,0.37742000000000003,0.05111,0.7194247176720626,-0.3329390081104383,11.9,4.4912980000000005
5.84,0.47234000000000004,0.08608,0.8633096612064751,-0.31143655172586826,11.9,5.620846
5.86,0.55935,0.08339,1.0311754286632897,-0.2776469774072579,11.9,6.656265
5.88,0.5989,0.0538,1.1990411961201044,-0.24539329283040287,11.9,7.12691
5.9,0.57856,0.01345,1.366906963576919,-0.21006782877003755,11.9,6.884863999999999
5.92,0.49155,-0.04573,1.5587535549561355,-0.17320647496791727,11.9,5.849445
5.94,0.35369,-0.10491,1.7266193224129502,-0.1332733416822872,11.9,4.2089110000000005
5.96,0.19323,-0.19099000000000002,1.7985617941801566,-0.10255554684718687,11.9,2.299437
5.98,0.027120000000000002,-0.26093,1.678657674568146,-0.08412486994612683,11.9,0.322728
6.0,-0.13108,-0.32549,1.414868611421723,-0.07183775201208638,11.9,-1.559852
6.0200000000000005,-0.27233,-0.29858999999999997,1.0071946047408877,-0.07183775201208638,11.9,-3.240727
6.04,-0.39889,-0.24209999999999998,0.527578126292846,-0.07951720072086185,11.9,-4.746791
6.0600000000000005,-0.5005900000000001,-0.19637000000000002,0.023980823922402087,-0.09948376736367666,11.9,-5.957021000000001
6.08,-0.59212,-0.19099000000000002,-0.43165483060323756,-0.12405800323175695,11.9,-7.046228
6.1000000000000005,-0.6667000000000001,-0.19906000000000001,-0.8633096612064751,-0.15631168780861224,11.9,-7.9337300000000015
6.12,-0.7345,-0.1883,-1.2230220200425064,-0.19163715186897734,11.9,-8.74055
6.140000000000001,-0.78648,-0.16140000000000002,-1.5107919071113316,-0.2315702851546076,11.9,-9.359112
6.16,-0.8136,-0.14795,-1.7745809702577546,-0.2776469774072579,11.9,-9.68184
6.18,-0.8362,-0.13988,-1.9904083855593735,-0.3237236696599083,11.9,-9.950780000000002
6.2,-0.84411,-0.11567,-2.18225497693859,-0.37133625165431355,11.9,-10.044909
6.22,-0.83281,-0.09953000000000001,-2.3021590965506005,-0.42048472339047366,11.9,-9.910439
6.24,-0.81699,-0.09415,-2.3741015683178066,-0.4696331951266342,11.9,-9.722181
6.26,-0.7932600000000001,-0.08339,-2.422063216162611,-0.5172457771210396,11.9,-9.439794000000001
6.28,-0.7446699999999999,-0.06994,-2.398082392240209,-0.5633224693736898,11.9,-8.861573
6.3,-0.6859100000000001,-0.05649,-2.3741015683178066,-0.6093991616263401,11.9,-8.162329000000001
6.32,-0.61924,-0.029589999999999998,-2.2781782726281983,-0.6493322949119703,11.9,-7.368956000000001
6.34,-0.5401400000000001,-0.02152,-2.1582741530161877,-0.6846577589723357,11.9,-6.427666000000001
6.36,-0.49607,-0.04573,-1.9904083855593735,-0.7169114435491908,11.9,-5.903233
6.38,-0.41019,-0.02152,-1.7985617941801566,-0.744557458900781,11.9,-4.881261
6.4,-0.28363,0.0,-1.582734378878538,-0.7675958050271063,11.9,-3.375197
6.42,-0.19775,-0.05111,-1.2949644918097125,-0.7875623716699213,11.9,-2.353225
6.44,-0.11074,-0.00538,-1.0311754286632897,-0.7983135998622064,11.9,-1.317806
6.46,-0.04407,-0.00807,-0.7673863655168668,-0.8029212690874715,11.9,-0.524433
6.48,0.01921,-0.00807,-0.5035973023704439,-0.8029212690874715,11.9,0.22859900000000002
6.5,0.07797000000000001,-0.01076,-0.2398082392240209,-0.7983135998622064,11.9,0.9278430000000002
6.5200000000000005,0.12204000000000001,-0.02152,0.0,-0.7906341511534313,11.9,1.4522760000000001
6.54,0.15255000000000002,-0.03228,0.1918465913792167,-0.7798829229611465,11.9,1.8153450000000002
6.5600000000000005,0.16837,-0.04304,0.3597123588360313,-0.7660599152853512,11.9,2.003603
6.58,0.16498000000000002,-0.06725,0.5035973023704439,-0.752236907609556,11.9,1.9632620000000003
6.6000000000000005,0.14464,-0.09684000000000001,0.6235014219824542,-0.735342120450251,11.9,1.7212159999999999
6.62,0.12995,-0.09953000000000001,0.6954438937496605,-0.721519112774456,11.9,1.5464050000000003
6.640000000000001,0.13673,-0.08608,0.7194247176720626,-0.7076961050986608,11.9,1.627087
6.66,0.15255000000000002,-0.07263,0.7194247176720626,-0.6938730974228655,11.9,1.8153450000000002
6.68,0.16837,-0.048420000000000005,0.6954438937496605,-0.6785142000053158,11.9,2.003603
6.7,0.18419,-0.04304,0.6954438937496605,-0.6646911923295206,11.9,2.191861
6.72,0.19210000000000002,-0.05111,0.6954438937496605,-0.6508681846537253,11.9,2.2859900000000004
6.74,0.19210000000000002,-0.059179999999999996,0.7194247176720626,-0.6339733974944204,11.9,2.2859900000000004
6.76,0.18419,-0.07263,0.7434055415944647,-0.617078610335115,11.9,2.191861
6.78,0.16837,-0.08339,0.7673863655168668,-0.6017197129175652,11.9,2.003603
6.8,0.14916000000000001,-0.08608,0.791367189439269,-0.586360815500015,11.9,1.7750040000000002
6.82,0.12995,-0.09146,0.791367189439269,-0.5710019180824649,11.9,1.5464050000000003
6.84,0.10961,-0.08877,0.7434055415944647,-0.5587148001484249,11.9,1.304359
6.86,0.09379,-0.08339,0.6954438937496605,-0.5464276822143849,11.9,1.116101
6.88,0.07797000000000001,-0.08339,0.6474822459048563,-0.5356764540220996,11.9,0.9278430000000002
6.9,0.06667,-0.07263,0.5755397741376501,-0.5264611155715695,11.9,0.793373
6.92,0.05876000000000001,-0.06994,0.5035973023704439,-0.5172457771210396,11.9,0.6992440000000001
6.94,0.04746,-0.06994,0.45563565452563964,-0.5111022181540196,11.9,0.564774
6.96,0.03955,-0.061869999999999994,0.4076740066808355,-0.5049586591869996,11.9,0.47064500000000004
6.98,0.03164,-0.06456,0.3597123588360313,-0.49727921047822427,11.9,0.376516
7.0,0.02373,-0.06456,0.3117507109912271,-0.49267154125295953,11.9,0.282387
7.0200000000000005,0.01921,-0.059179999999999996,0.28776988706882506,-0.48652798228593946,11.9,0.22859900000000002
7.04,0.01921,-0.059179999999999996,0.263789063146423,-0.48345620280242924,11.9,0.22859900000000002
7.0600000000000005,0.01921,-0.05649,0.2398082392240209,-0.47731264383540917,11.9,0.22859900000000002
7.08,0.01582,-0.05649,0.2398082392240209,-0.4742408643518992,11.9,0.188258
7.1000000000000005,0.01582,-0.05111,0.21582741530161878,-0.4696331951266342,11.9,0.188258
7.12,0.01921,-0.05111,0.21582741530161878,-0.46656141564312426,11.9,0.22859900000000002
7.140000000000001,0.02373,-0.048420000000000005,0.1918465913792167,-0.4619537464178592,11.9,0.282387
7.16,0.02373,-0.04573,0.1918465913792167,-0.4573460771925943,11.9,0.282387
7.18,0.03164,-0.04304,0.1918465913792167,-0.4527384079673291,11.9,0.376516
7.2,0.042940000000000006,-0.03497,0.1918465913792167,-0.44966662848381916,11.9,0.510986
7.22,0.05085,-0.03497,0.21582741530161878,-0.4435230695167992,11.9,0.605115
7.24,0.05876000000000001,-0.03228,0.21582741530161878,-0.4373795105497789,11.9,0.6992440000000001
7.26,0.07006,-0.029589999999999998,0.2398082392240209,-0.4312359515827589,11.9,0.833714
7.28,0.09040000000000001,-0.01614,0.263789063146423,-0.4250923926157391,11.9,1.07576
7.3,0.10622,-0.01614,0.28776988706882506,-0.4174129439069639,11.9,1.264018
7.32,0.12995,-0.01076,0.3357315349136292,-0.40819760545643385,11.9,1.5464050000000003
7.34,0.16837,0.0,0.3836931827584334,-0.39898226700590356,11.9,2.003603
7.36,0.20792000000000002,0.00538,0.43165483060323756,-0.3866951490718638,11.9,2.4742480000000002
7.38,0.25538,0.01614,0.5035973023704439,-0.37287214139606856,11.9,3.039022
7.4,0.31074999999999997,0.03228,0.5995205980600522,-0.3575132439785185,11.9,3.6979249999999997
7.42,0.37742000000000003,0.05111,0.7194247176720626,-0.33754667733570326,11.9,4.4912980000000005
7.44,0.47234000000000004,0.08608,0.839328837284073,-0.3145083312093782,11.9,5.620846
7.46,0.55483,0.08070000000000001,0.9832137808184854,-0.28839820559954316,11.9,6.602477
7.48,0.59438,0.0538,1.1510795482753002,-0.25768041076444315,11.9,7.073122000000001
7.5,0.5751700000000001,0.01076,1.342926139654517,-0.2223549467040778,11.9,6.8445230000000015
7.5200000000000005,0.48816000000000004,-0.04573,1.5587535549561355,-0.17474236470967205,11.9,5.8091040000000005
7.54,0.35369,-0.1076,1.7266193224129502,-0.1363451211657972,11.9,4.2089110000000005
7.5600000000000005,0.19323,-0.19368000000000002,1.7985617941801566,-0.10562732633069688,11.9,2.299437
7.58,0.027120000000000002,-0.26093,1.678657674568146,-0.08412486994612683,11.9,0.322728
7.6000000000000005,-0.13108,-0.31742000000000004,1.414868611421723,-0.0733736417538416,11.9,-1.559852
7.62,-0.27233,-0.29320999999999997,0.9832137808184854,-0.0733736417538416,11.9,-3.240727
7.640000000000001,-0.39889,-0.24478999999999998,0.551558950215248,-0.08258898020437162,11.9,-4.746791
7.66,-0.49833,-0.19906000000000001,0.047961647844804174,-0.10101965710543188,11.9,-5.930127
7.68,-0.58308,-0.18561,-0.4076740066808355,-0.12559389297351195,11.9,-6.938652000000001
7.7,-0.66444,-0.19906000000000001,-0.8633096612064751,-0.1578475775503675,11.9,-7.906836
7.72,-0.73902,-0.19637000000000002,-1.1990411961201044,-0.19317304161073234,11.9,-8.794338
7.74,-0.78648,-0.16409,-1.4868110831889294,-0.23310617489636284,11.9,-9.359112
7.76,-0.81699,-0.15333,-1.7745809702577546,-0.2791828671490132,11.9,-9.722181
7.78,-0.84411,-0.13988,-1.9904083855593735,-0.32525955940166346,11.9,-10.044909
7.8,-0.8475,-0.11567,-2.18225497693859,-0.3744080311378236,11.9,-10.08525
7.82,-0.8475,-0.11567,-2.18225497693859,-0.4227885580031064,11.9,-10.08525
7.84,-0.82038,-0.09146,-2.398082392240209,-0.47116908486838943,11.9,-9.762522
7.86,-0.78874,-0.07801000000000001,-2.422063216162611,-0.5203175566045496,11.9,-9.386006
7.88,-0.74128,-0.07263,-2.422063216162611,-0.5679301385989549,11.9,-8.821232
7.9,-0.6859100000000001,-0.05649,-2.3741015683178066,-0.6093991616263401,11.9,-8.162329000000001
7.92,-0.61924,-0.03228,-2.2781782726281983,-0.6508681846537253,11.9,-7.368956000000001
7.94,-0.5401400000000001,-0.024210000000000002,-2.1582741530161877,-0.6877295384558456,11.9,-6.427666000000001
7.96,-0.45313000000000003,-0.01076,-1.9904083855593735,-0.7184473332909458,11.9,-5.392247
7.98,-0.36725,-0.00538,-1.7985617941801566,-0.7460933486425361,11.9,-4.370275
8.0,-0.28363,-0.00538,-1.5587535549561355,-0.7660599152853512,11.9,-3.375197
8.02,-0.19775,-0.00269,-1.3189453157321147,-0.7829547024446561,11.9,-2.353225
8.040000000000001,-0.11074,0.0,-1.055156252585692,-0.7921700408951865,11.9,-1.317806
8.06,-0.04407,-0.01076,-0.7673863655168668,-0.7967777101204514,11.9,-0.524433
8.08,0.01921,-0.00538,-0.5035973023704439,-0.7952418203786964,11.9,0.22859900000000002
8.1,0.07797000000000001,-0.01345,-0.21582741530161878,-0.7921700408951865,11.9,0.9278430000000002
8.120000000000001,0.11752000000000001,-0.02152,0.0,-0.7844905921864109,11.9,1.3984880000000002
8.14,0.14916000000000001,-0.0269,0.1918465913792167,-0.7737393639941264,11.9,1.7750040000000002
8.16,0.16498000000000002,-0.04304,0.3597123588360313,-0.7599163563183309,11.9,1.9632620000000003
8.18,0.16046,-0.06725,0.5035973023704439,-0.7460933486425361,11.9,1.909474
8.2,0.14916000000000001,-0.08877,0.5995205980600522,-0.7307344512249858,11.9,1.7750040000000002
8.22,0.14125,-0.08608,0.6714630698272585,-0.7169114435491908,11.9,1.680875
8.24,0.14916000000000001,-0.08070000000000001,0.7194247176720626,-0.7015525461316406,11.9,1.7750040000000002
8.26,0.16046,-0.06725,0.7194247176720626,-0.6877295384558456,11.9,1.909474
8.28,0.17289000000000002,-0.05111,0.7194247176720626,-0.6723706410382955,11.9,2.0573910000000004
8.3,0.18419,-0.05111,0.7194247176720626,-0.6570117436207454,11.9,2.191861
8.32,0.18871000000000002,-0.059179999999999996,0.7194247176720626,-0.6416528462031954,11.9,2.2456490000000002
8.34,0.18871000000000002,-0.061869999999999994,0.7434055415944647,-0.6262939487856453,11.9,2.2456490000000002
8.36,0.18871000000000002,-0.06725,0.7673863655168668,-0.6093991616263401,11.9,2.2456490000000002
8.38,0.17289000000000002,-0.07801000000000001,0.7673863655168668,-0.5940402642087901,11.9,2.0573910000000004
8.4,0.14916000000000001,-0.08608,0.791367189439269,-0.5786813667912398,11.9,1.7750040000000002
8.42,0.12995,-0.08877,0.7673863655168668,-0.5633224693736898,11.9,1.5464050000000003
8.44,0.10961,-0.09146,0.7434055415944647,-0.5510353514396498,11.9,1.304359
8.46,0.09831,-0.08070000000000001,0.7194247176720626,-0.5387482335056095,11.9,1.169889
8.48,0.08249000000000001,-0.08070000000000001,0.6474822459048563,-0.5279970053133245,11.9,0.9816310000000001
8.5,0.06667,-0.07263,0.5755397741376501,-0.5187816668627946,11.9,0.793373
8.52,0.05876000000000001,-0.06994,0.527578126292846,-0.5095663284122646,11.9,0.6992440000000001
8.540000000000001,0.05085,-0.06456,0.45563565452563964,-0.5034227694452443,11.9,0.605115
8.56,0.042940000000000006,-0.06456,0.4076740066808355,-0.4957433207364695,11.9,0.510986
8.58,0.03164,-0.06725,0.3597123588360313,-0.48806387202769447,11.9,0.376516
8.6,0.02373,-0.061869999999999994,0.3357315349136292,-0.48345620280242924,11.9,0.282387
8.620000000000001,0.01921,-0.061869999999999994,0.3117507109912271,-0.4788485335771643,11.9,0.22859900000000002
8.64,0.01582,-0.061869999999999994,0.263789063146423,-0.4742408643518992,11.9,0.188258
8.66,0.01582,-0.05649,0.2398082392240209,-0.4696331951266342,11.9,0.188258
8.68,0.01582,-0.0538,0.21582741530161878,-0.46656141564312426,11.9,0.188258
8.700000000000001,0.01582,-0.05111,0.21582741530161878,-0.4619537464178592,11.9,0.188258
8.72,0.01921,-0.05111,0.1918465913792167,-0.45888196693434896,11.9,0.22859900000000002
8.74,0.01921,-0.048420000000000005,0.1918465913792167,-0.45427429770908423,11.9,0.22859900000000002
8.76,0.01921,-0.048420000000000005,0.1918465913792167,-0.45120251822557417,11.9,0.22859900000000002
8.78,0.03164,-0.03497,0.1918465913792167,-0.44659484900030916,11.9,0.376516
8.8,0.042940000000000006,-0.03497,0.1918465913792167,-0.440451290033289,11.9,0.510986
8.82,0.05085,-0.03228,0.1918465913792167,-0.4358436208080242,11.9,0.605115
8.84,0.05876000000000001,-0.03228,0.21582741530161878,-0.4297000618410042,11.9,0.6992440000000001
8.86,0.07458000000000001,-0.024210000000000002,0.2398082392240209,-0.4250923926157391,11.9,0.8875020000000001
8.88,0.09379,-0.01614,0.263789063146423,-0.4174129439069639,11.9,1.116101
8.9,0.10961,-0.01614,0.28776988706882506,-0.40973349519818886,11.9,1.304359
8.92,0.12995,-0.01345,0.3357315349136292,-0.40051815674765884,11.9,1.5464050000000003
8.94,0.16498000000000002,0.0,0.3836931827584334,-0.38976692855537387,11.9,1.9632620000000003
8.96,0.20792000000000002,0.00538,0.43165483060323756,-0.3774798106213336,11.9,2.4742480000000002
8.98,0.25538,0.01614,0.5035973023704439,-0.3651926926872937,11.9,3.039022
9.0,0.31074999999999997,0.029589999999999998,0.5995205980600522,-0.34983379526974356,11.9,3.6979249999999997
9.02,0.37742000000000003,0.05111,0.6954438937496605,-0.32986722862692847,11.9,4.4912980000000005
9.040000000000001,0.46895000000000003,0.08070000000000001,0.839328837284073,-0.30682888250060325,11.9,5.5805050000000005
9.06,0.5514399999999999,0.07801000000000001,1.0071946047408877,-0.2730393081819929,11.9,6.562136
9.08,0.59099,0.05111,1.1990411961201044,-0.24078562360513783,11.9,7.032781
9.1,0.5751700000000001,0.01345,1.366906963576919,-0.20546015954477256,11.9,6.8445230000000015
9.120000000000001,0.49155,-0.04304,1.5587535549561355,-0.16859880574265249,11.9,5.849445
9.14,0.35369,-0.1076,1.7026384984905483,-0.12866567245702196,11.9,4.2089110000000005
9.16,0.19323,-0.19099000000000002,1.7745809702577546,-0.09948376736367666,11.9,2.299437
9.18,0.027120000000000002,-0.26362,1.678657674568146,-0.07798131097910682,11.9,0.322728
9.200000000000001,-0.13108,-0.32818,1.414868611421723,-0.06723008278682159,11.9,-1.559852
9.22,-0.27233,-0.2959,1.0071946047408877,-0.06723008278682159,11.9,-3.240727
9.24,-0.39889,-0.24747999999999998,0.551558950215248,-0.07490953149559684,11.9,-4.746791
9.26,-0.5005900000000001,-0.20175,0.047961647844804174,-0.09334020839665665,11.9,-5.957021000000001
9.28,-0.5876,-0.1883,-0.4076740066808355,-0.11945033400649215,11.9,-6.99244
9.3,-0.67009,-0.20175,-0.839328837284073,-0.15016812884159222,11.9,-7.9740709999999995
9.32,-0.74241,-0.19637000000000002,-1.1990411961201044,-0.18702948264371252,11.9,-8.834679000000001
9.34,-0.7932600000000001,-0.16409,-1.5107919071113316,-0.22849850567109758,11.9,-9.439794000000001
9.36,-0.8249000000000001,-0.15333,-1.7745809702577546,-0.2730393081819929,11.9,-9.816310000000001
9.38,-0.84072,-0.13719,-2.0143892094817755,-0.3206518901763983,11.9,-10.004568
9.4,-0.84411,-0.11298,-2.18225497693859,-0.36826447217080377,11.9,-10.044909
9.42,-0.83281,-0.09415,-2.3261399204730027,-0.4174129439069639,11.9,-9.910439
9.44,-0.81699,-0.08877,-2.398082392240209,-0.46656141564312426,11.9,-9.722181
9.46,-0.7932600000000001,-0.08339,-2.4460440400850127,-0.5141739976375295,11.9,-9.439794000000001
9.48,-0.7446699999999999,-0.07263,-2.422063216162611,-0.5617865796319346,11.9,-8.861573
9.5,-0.6859100000000001,-0.059179999999999996,-2.3741015683178066,-0.6047914924010751,11.9,-8.162329000000001
9.52,-0.61472,-0.0269,-2.2781782726281983,-0.6462605154284605,11.9,-7.315168000000001
9.540000000000001,-0.5367500000000001,-0.01614,-2.1582741530161877,-0.6831218692305807,11.9,-6.387325000000001
9.56,-0.45313000000000003,-0.01076,-1.9904083855593735,-0.7138396640656809,11.9,-5.392247
9.58,-0.36725,-0.00538,-1.7985617941801566,-0.739949789675516,11.9,-4.370275
9.6,-0.28024,-0.00538,-1.5587535549561355,-0.762988135801841,11.9,-3.334856
9.620000000000001,-0.19323,-0.00538,-1.3189453157321147,-0.7768111434776362,11.9,-2.299437
9.64,-0.11074,-0.00269,-1.0311754286632897,-0.7875623716699213,11.9,-1.317806
9.66,-0.04407,-0.00807,-0.7673863655168668,-0.7906341511534313,11.9,-0.524433
9.68,0.01921,-0.00807,-0.4796164784480418,-0.7906341511534313,11.9,0.22859900000000002
9.700000000000001,0.07797000000000001,-0.01345,-0.21582741530161878,-0.7860264819281664,11.9,0.9278430000000002
9.72,0.11752000000000001,-0.024210000000000002,0.0,-0.7783470332193912,11.9,1.3984880000000002
9.74,0.14464,-0.029589999999999998,0.1678657674568146,-0.7675958050271063,11.9,1.7212159999999999
9.76,0.16046,-0.04304,0.3357315349136292,-0.7553086870930662,11.9,1.909474
9.78,0.16046,-0.06725,0.4796164784480418,-0.7414856794172712,11.9,1.909474
9.8,0.14916000000000001,-0.08339,0.5995205980600522,-0.7261267819997209,11.9,1.7750040000000002
9.82,0.14125,-0.08877,0.6714630698272585,-0.710767884582171,11.9,1.680875
9.84,0.14916000000000001,-0.07801000000000001,0.6954438937496605,-0.6969448769063757,11.9,1.7750040000000002
9.86,0.16046,-0.06456,0.7194247176720626,-0.6815859794888255,11.9,1.909474
9.88,0.17289000000000002,-0.0538,0.7194247176720626,-0.6677629718130306,11.9,2.0573910000000004
9.9,0.18419,-0.048420000000000005,0.7194247176720626,-0.6539399641372354,11.9,2.191861
9.92,0.19210000000000002,-0.05649,0.7194247176720626,-0.6370451769779303,11.9,2.2859900000000004
9.94,0.19210000000000002,-0.061869999999999994,0.7434055415944647,-0.6216862795603804,11.9,2.2859900000000004
9.96,0.18871000000000002,-0.06725,0.7673863655168668,-0.6047914924010751,11.9,2.2456490000000002
9.98,0.17628,-0.07263,0.791367189439269,-0.5894325949835252,11.9,2.097732
10.0,0.15255000000000002,-0.08608,0.791367189439269,-0.5725378078242199,11.9,1.8153450000000002
10.02,0.13334,-0.08608,0.791367189439269,-0.5587148001484249,11.9,1.586746
10.040000000000001,0.11413000000000001,-0.09146,0.7673863655168668,-0.5448917924726299,11.9,1.3581470000000002
10.06,0.09831,-0.08339,0.7194247176720626,-0.5326046745385898,11.9,1.169889
10.08,0.08249000000000001,-0.08070000000000001,0.6474822459048563,-0.5233893360880596,11.9,0.9816310000000001
10.1,0.06667,-0.07801000000000001,0.5995205980600522,-0.5126381078957745,11.9,0.793373
10.120000000000001,0.05876000000000001,-0.06725,0.527578126292846,-0.5049586591869996,11.9,0.6992440000000001
10.14,0.04746,-0.06994,0.45563565452563964,-0.49727921047822427,11.9,0.564774
10.16,0.03955,-0.06456,0.4076740066808355,-0.4911356515112043,11.9,0.47064500000000004
10.18,0.03164,-0.061869999999999994,0.3597123588360313,-0.48345620280242924,11.9,0.376516
10.200000000000001,0.02373,-0.059179999999999996,0.3357315349136292,-0.4788485335771643,11.9,0.282387
10.22,0.01921,-0.059179999999999996,0.28776988706882506,-0.4742408643518992,11.9,0.22859900000000002
10.24,0.01921,-0.059179999999999996,0.263789063146423,-0.4696331951266342,11.9,0.22859900000000002
10.26,0.01921,-0.0538,0.2398082392240209,-0.46502552590136925,11.9,0.22859900000000002
10.28,0.01582,-0.05111,0.21582741530161878,-0.4619537464178592,11.9,0.188258
10.3,0.01921,-0.05111,0.1918465913792167,-0.4573460771925943,11.9,0.22859900000000002
10.32,0.02373,-0.048420000000000005,0.1918465913792167,-0.4527384079673291,11.9,0.282387
10.34,0.01921,-0.048420000000000005,0.1918465913792167,-0.44966662848381916,11.9,0.22859900000000002
10.36,0.01921,-0.048420000000000005,0.1918465913792167,-0.44505895925855393,11.9,0.22859900000000002
10.38,0.027120000000000002,-0.04304,0.1918465913792167,-0.440451290033289,11.9,0.322728
10.4,0.03955,-0.03228,0.1918465913792167,-0.4373795105497789,11.9,0.47064500000000004
10.42,0.05085,-0.03228,0.1918465913792167,-0.43277184132451413,11.9,0.605115
10.44,0.06328,-0.024210000000000002,0.21582741530161878,-0.42662828235749395,11.9,0.753032
10.46,0.07797000000000001,-0.02152,0.21582741530161878,-0.42048472339047366,11.9,0.9278430000000002
10.48,0.09379,-0.01614,0.263789063146423,-0.41280527468169886,11.9,1.116101
10.5,0.1017,-0.024210000000000002,0.28776988706882506,-0.40666171571467863,11.9,1.21023
10.52,0.12543,-0.01345,0.3357315349136292,-0.39744637726414883,11.9,1.4926170000000003
10.540000000000001,0.16837,0.0,0.3836931827584334,-0.38823103881361865,11.9,2.003603
10.56,0.20792000000000002,0.00538,0.43165483060323756,-0.3744080311378236,11.9,2.4742480000000002
10.58,0.25538,0.02152,0.5035973023704439,-0.3636568029455385,11.9,3.039022
10.6,0.31074999999999997,0.03497,0.5995205980600522,-0.3467620157862335,11.9,3.6979249999999997
10.620000000000001,0.37742000000000003,0.0538,0.6954438937496605,-0.32679544914341846,11.9,4.4912980000000005
10.64,0.47234000000000004,0.08608,0.839328837284073,-0.3037571030170934,11.9,5.620846
10.66,0.55483,0.07801000000000001,1.0071946047408877,-0.2699675286984829,11.9,6.602477
10.68,0.59099,0.05111,1.1750603721977022,-0.2392497338633826,11.9,7.032781
10.700000000000001,0.5706500000000001,0.01345,1.366906963576919,-0.20392426980301756,11.9,6.7907350000000015
10.72,0.48816000000000004,-0.04304,1.5347727310337336,-0.16706291600089726,11.9,5.8091040000000005
10.74,0.35369,-0.10491,1.7026384984905483,-0.12866567245702196,11.9,4.2089110000000005
10.76,0.17740999999999998,-0.20444,1.7745809702577546,-0.09948376736367666,11.9,2.111179
10.78,0.0,-0.30396999999999996,1.678657674568146,-0.07798131097910682,11.9,0.0
10.8,-0.14577,-0.30396999999999996,1.390887787499321,-0.0703018622703316,11.9,-1.7346630000000003
10.82,-0.27571999999999997,-0.29858999999999997,0.9592329568960836,-0.07183775201208638,11.9,-3.281068
10.84,-0.39889,-0.22596,0.4796164784480418,-0.07951720072086185,11.9,-4.746791
10.86,-0.5005900000000001,-0.18561,0.0,-0.09948376736367666,11.9,-5.957021000000001
10.88,-0.58534,-0.17754,-0.4796164784480418,-0.12559389297351195,11.9,-6.965546
10.9,-0.6565300000000001,-0.19099000000000002,-0.8872904851288773,-0.1578475775503675,11.9,-7.8127070000000005
10.92,-0.73111,-0.19099000000000002,-1.2470028439649083,-0.19317304161073234,11.9,-8.700209000000001
10.94,-0.78648,-0.16678,-1.5107919071113316,-0.23310617489636284,11.9,-9.359112
10.96,-0.8136,-0.15602000000000002,-1.7745809702577546,-0.2776469774072579,11.9,-9.68184
10.98,-0.83281,-0.13719,-1.9904083855593735,-0.3237236696599083,11.9,-9.910439
11.0,-0.83281,-0.11028999999999999,-2.1582741530161877,-0.37133625165431355,11.9,-9.910439
11.02,-0.8282900000000001,-0.09953000000000001,-2.2781782726281983,-0.4189488336487189,11.9,-9.856651000000001
11.040000000000001,-0.81247,-0.09146,-2.3741015683178066,-0.4680973053848795,11.9,-9.668393
11.06,-0.78196,-0.07801000000000001,-2.398082392240209,-0.5157098873792845,11.9,-9.305324
11.08,-0.73789,-0.07263,-2.398082392240209,-0.5617865796319346,11.9,-8.780891
11.1,-0.6813899999999999,-0.059179999999999996,-2.3501207443954044,-0.6063273821428301,11.9,-8.108540999999999
11.120000000000001,-0.61472,-0.03228,-2.254197448705796,-0.6462605154284605,11.9,-7.315168000000001
11.14,-0.5367500000000001,-0.01614,-2.134293329093786,-0.6831218692305807,11.9,-6.387325000000001
11.16,-0.45313000000000003,-0.01345,-1.9664275616369709,-0.7153755538074359,11.9,-5.392247
11.18,-0.36725,-0.00538,-1.7745809702577546,-0.7414856794172712,11.9,-4.370275
11.200000000000001,-0.28024,-0.00269,-1.5587535549561355,-0.762988135801841,11.9,-3.334856
11.22,-0.19323,-0.00269,-1.2949644918097125,-0.7783470332193912,11.9,-2.299437
11.24,-0.11074,-0.00269,-1.0311754286632897,-0.7875623716699213,11.9,-1.317806
11.26,-0.04407,-0.00807,-0.7673863655168668,-0.7921700408951865,11.9,-0.524433
11.28,0.01921,-0.01076,-0.4796164784480418,-0.7906341511534313,11.9,0.22859900000000002
11.3,0.07797000000000001,-0.01345,-0.21582741530161878,-0.7875623716699213,11.9,0.9278430000000002
11.32,0.12204000000000001,-0.01614,0.0,-0.7783470332193912,11.9,1.4522760000000001
11.34,0.14916000000000001,-0.024210000000000002,0.1678657674568146,-0.7675958050271063,11.9,1.7750040000000002
11.36,0.16046,-0.04304,0.3597123588360313,-0.7553086870930662,11.9,1.909474
11.38,0.16498000000000002,-0.06994,0.527578126292846,-0.736878010192006,11.9,1.9632620000000003
11.4,0.15707000000000002,-0.08608,0.6235014219824542,-0.721519112774456,11.9,1.8691330000000002
11.42,0.13673,-0.09953000000000001,0.6954438937496605,-0.7061602153569058,11.9,1.627087
11.44,0.13673,-0.08877,0.7194247176720626,-0.6923372076811107,11.9,1.627087
11.46,0.15255000000000002,-0.06456,0.7194247176720626,-0.6785142000053158,11.9,1.8153450000000002
11.48,0.16837,-0.05111,0.6954438937496605,-0.6646911923295206,11.9,2.003603
11.5,0.18419,-0.04573,0.6954438937496605,-0.6508681846537253,11.9,2.191861
11.52,0.19210000000000002,-0.05111,0.6954438937496605,-0.6355092872361754,11.9,2.2859900000000004
11.540000000000001,0.19210000000000002,-0.05649,0.7194247176720626,-0.6186145000768701,11.9,2.2859900000000004
11.56,0.18871000000000002,-0.06725,0.7434055415944647,-0.6017197129175652,11.9,2.2456490000000002
11.58,0.17628,-0.07263,0.7673863655168668,-0.586360815500015,11.9,2.097732
11.6,0.15707000000000002,-0.08608,0.791367189439269,-0.5694660283407098,11.9,1.8691330000000002
11.620000000000001,0.13334,-0.08877,0.791367189439269,-0.5556430206649148,11.9,1.586746
11.64,0.10961,-0.09415,0.7673863655168668,-0.5418200129891196,11.9,1.304359
11.66,0.09379,-0.08877,0.7194247176720626,-0.5295328950550796,11.9,1.116101
11.68,0.07797000000000001,-0.08070000000000001,0.6474822459048563,-0.5187816668627946,11.9,0.9278430000000002
11.700000000000001,0.06667,-0.07263,0.5755397741376501,-0.5095663284122646,11.9,0.793373
11.72,0.05876000000000001,-0.06456,0.5035973023704439,-0.5018868797034892,11.9,0.6992440000000001
11.74,0.05085,-0.06456,0.45563565452563964,-0.49420743099471454,11.9,0.605115
11.76,0.042940000000000006,-0.061869999999999994,0.4076740066808355,-0.48652798228593946,11.9,0.510986
11.78,0.03164,-0.06456,0.3597123588360313,-0.48192031306067423,11.9,0.376516
11.8,0.02373,-0.061869999999999994,0.3357315349136292,-0.4757767540936542,11.9,0.282387
11.82,0.01921,-0.061869999999999994,0.3117507109912271,-0.47116908486838943,11.9,0.22859900000000002
11.84,0.01921,-0.059179999999999996,0.263789063146423,-0.46656141564312426,11.9,0.22859900000000002
11.86,0.01921,-0.0538,0.2398082392240209,-0.4619537464178592,11.9,0.22859900000000002
11.88,0.011300000000000001,-0.0538,0.21582741530161878,-0.45888196693434896,11.9,0.13447
11.9,0.011300000000000001,-0.0538,0.1918465913792167,-0.45427429770908423,11.9,0.13447
11.92,0.01921,-0.048420000000000005,0.1918465913792167,-0.45120251822557417,11.9,0.22859900000000002
11.94,0.02373,-0.04304,0.1918465913792167,-0.44505895925855393,11.9,0.282387
11.96,0.027120000000000002,-0.04304,0.1918465913792167,-0.4419871797750439,11.9,0.322728
11.98,0.03503,-0.03497,0.1918465913792167,-0.4373795105497789,11.9,0.416857
12.0,0.03955,-0.03497,0.1918465913792167,-0.4343077310662689,11.9,0.47064500000000004
12.02,0.04746,-0.03497,0.1918465913792167,-0.42816417209924906,11.9,0.564774
12.040000000000001,0.05876000000000001,-0.03228,0.21582741530161878,-0.4235565028739839,11.9,0.6992440000000001
12.06,0.07458000000000001,-0.02152,0.2398082392240209,-0.4174129439069639,11.9,0.8875020000000001
12.08,0.09379,-0.01614,0.263789063146423,-0.41126938493994386,11.9,1.116101
12.1,0.10961,-0.01614,0.28776988706882506,-0.4020540464894137,11.9,1.304359
12.120000000000001,0.12995,-0.00807,0.3357315349136292,-0.3943745977806386,11.9,1.5464050000000003
12.14,0.16498000000000002,0.0,0.3836931827584334,-0.3851592593301086,11.9,1.9632620000000003
12.16,0.2034,0.00269,0.43165483060323756,-0.37133625165431355,11.9,2.42046
12.18,0.24747,0.01614,0.5035973023704439,-0.36058502346202875,11.9,2.944893
12.200000000000001,0.30736,0.03497,0.5995205980600522,-0.3436902363027235,11.9,3.6575840000000004
12.22,0.37742000000000003,0.0538,0.6954438937496605,-0.3237236696599083,11.9,4.4912980000000005
12.24,0.41697,0.040350000000000004,0.815348013361671,-0.3006853235335832,11.9,4.961943000000001
12.26,0.50398,0.07801000000000001,0.9832137808184854,-0.27457519792374796,11.9,5.997362
12.280000000000001,0.59099,0.08877,1.127098724352898,-0.24539329283040287,11.9,7.032781
12.3,0.5706500000000001,0.00538,1.2709836678873108,-0.21313960825354755,11.9,6.7907350000000015
12.32,0.49155,-0.03497,1.4628302592665272,-0.17781414419318228,11.9,5.849445
12.34,0.49155,-0.03497,1.4628302592665272,-0.1432566250036945,11.9,5.849445
12.36,0.18871000000000002,-0.18023,1.7026384984905483,-0.10869910581420689,11.9,2.2456490000000002
12.38,0.01921,-0.25824,1.630696026723342,-0.08873253917139186,11.9,0.22859900000000002
12.4,-0.13447,-0.32280000000000003,1.390887787499321,-0.07644542123735183,11.9,-1.6001930000000002
12.42,-0.27233,-0.29858999999999997,0.9832137808184854,-0.07644542123735183,11.9,-3.240727
12.44,-0.39889,-0.25286,0.527578126292846,-0.08566075968788163,11.9,-4.746791
12.46,-0.4972,-0.18561,0.023980823922402087,-0.10409143658894189,11.9,-5.9166799999999995
12.48,-0.58421,-0.18561,-0.43165483060323756,-0.13020156219877718,11.9,-6.9520990000000005
12.5,-0.6633100000000001,-0.19099000000000002,-0.8633096612064751,-0.16245524677563225,11.9,-7.893389000000001
12.52,-0.73111,-0.18023,-1.2230220200425064,-0.19778071083599755,11.9,-8.700209000000001
12.540000000000001,-0.78535,-0.16947,-1.5107919071113316,-0.23617795437987282,11.9,-9.345665
12.56,-0.81699,-0.15871000000000002,-1.7745809702577546,-0.2837905363742782,11.9,-9.722181
12.58,-0.83281,-0.1345,-1.9904083855593735,-0.32986722862692847,11.9,-9.910439
12.6,-0.8362,-0.1076,-2.1582741530161877,-0.3774798106213336,11.9,-9.950780000000002
12.620000000000001,-0.8282900000000001,-0.10222,-2.3021590965506005,-0.42662828235749395,11.9,-9.856651000000001
12.64,-0.8136,-0.09415,-2.3741015683178066,-0.4742408643518992,11.9,-9.68184
12.66,-0.78535,-0.08608,-2.398082392240209,-0.5233893360880596,11.9,-9.345665
12.68,-0.73789,-0.07263,-2.398082392240209,-0.5694660283407098,11.9,-8.780891
12.700000000000001,-0.6779999999999999,-0.05649,-2.3501207443954044,-0.6124709411098502,11.9,-8.0682
12.72,-0.61472,-0.03497,-2.254197448705796,-0.6524040743954805,11.9,-7.315168000000001
12.74,-0.5401400000000001,-0.0269,-2.134293329093786,-0.6892654281976006,11.9,-6.427666000000001
12.76,-0.45313000000000003,-0.01076,-1.9664275616369709,-0.7199832230327008,11.9,-5.392247
12.780000000000001,-0.36725,-0.00807,-1.7745809702577546,-0.7460933486425361,11.9,-4.370275
12.8,-0.28024,-0.00538,-1.5587535549561355,-0.7675958050271063,11.9,-3.334856
12.82,-0.19323,-0.00269,-1.3189453157321147,-0.7829547024446561,11.9,-2.299437
12.84,-0.11074,-0.00269,-1.055156252585692,-0.7921700408951865,11.9,-1.317806
12.86,-0.04407,-0.01345,-0.7673863655168668,-0.7967777101204514,11.9,-0.524433
12.88,0.01921,-0.00807,-0.4796164784480418,-0.7967777101204514,11.9,0.22859900000000002
12.9,0.07797000000000001,-0.01076,-0.21582741530161878,-0.7921700408951865,11.9,0.9278430000000002
12.92,0.12204000000000001,-0.01614,0.0,-0.7829547024446561,11.9,1.4522760000000001
12.94,0.15255000000000002,-0.024210000000000002,0.1918465913792167,-0.7737393639941264,11.9,1.8153450000000002
12.96,0.16498000000000002,-0.04304,0.3597123588360313,-0.7599163563183309,11.9,1.9632620000000003
12.98,0.16498000000000002,-0.06725,0.5035973023704439,-0.744557458900781,11.9,1.9632620000000003
13.0,0.15707000000000002,-0.08339,0.5995205980600522,-0.7307344512249858,11.9,1.8691330000000002
13.02,0.14464,-0.08877,0.6714630698272585,-0.7153755538074359,11.9,1.7212159999999999
13.040000000000001,0.15255000000000002,-0.08070000000000001,0.7194247176720626,-0.7000166563898857,11.9,1.8153450000000002
13.06,0.16498000000000002,-0.06725,0.7194247176720626,-0.6861936487140906,11.9,1.9632620000000003
13.08,0.17289000000000002,-0.0538,0.7194247176720626,-0.6708347512965407,11.9,2.0573910000000004
13.1,0.18419,-0.05111,0.7194247176720626,-0.6554758538789904,11.9,2.191861
13.120000000000001,0.19210000000000002,-0.05649,0.7194247176720626,-0.6416528462031954,11.9,2.2859900000000004
13.14,0.19210000000000002,-0.061869999999999994,0.7434055415944647,-0.6247580590438903,11.9,2.2859900000000004
13.16,0.18419,-0.07263,0.7673863655168668,-0.6078632718845853,11.9,2.191861
13.18,0.17289000000000002,-0.07801000000000001,0.791367189439269,-0.5909684847252801,11.9,2.0573910000000004
13.200000000000001,0.15707000000000002,-0.08070000000000001,0.791367189439269,-0.5756095873077299,11.9,1.8691330000000002
13.22,0.13673,-0.08877,0.791367189439269,-0.5602506898901799,11.9,1.627087
13.24,0.11413000000000001,-0.09146,0.7673863655168668,-0.5479635719561397,11.9,1.3581470000000002
13.26,0.09379,-0.08877,0.7194247176720626,-0.5356764540220996,11.9,1.116101
13.280000000000001,0.07797000000000001,-0.08608,0.6714630698272585,-0.5249252258298145,11.9,0.9278430000000002
13.3,0.06667,-0.07801000000000001,0.5995205980600522,-0.5157098873792845,11.9,0.793373
13.32,0.05876000000000001,-0.06994,0.527578126292846,-0.5080304386705096,11.9,0.6992440000000001
13.34,0.04746,-0.06456,0.45563565452563964,-0.5003509899617344,11.9,0.564774
13.36,0.03955,-0.061869999999999994,0.4076740066808355,-0.49420743099471454,11.9,0.47064500000000004
13.38,0.03164,-0.06456,0.3597123588360313,-0.48652798228593946,11.9,0.376516
13.4,0.02373,-0.061869999999999994,0.3357315349136292,-0.48192031306067423,11.9,0.282387
13.42,0.01921,-0.059179999999999996,0.28776988706882506,-0.47731264383540917,11.9,0.22859900000000002
13.44,0.01921,-0.059179999999999996,0.263789063146423,-0.4727049746101442,11.9,0.22859900000000002
13.46,0.01921,-0.0538,0.2398082392240209,-0.4680973053848795,11.9,0.22859900000000002
13.48,0.01582,-0.0538,0.21582741530161878,-0.463489636159614,11.9,0.188258
13.5,0.01921,-0.048420000000000005,0.1918465913792167,-0.4604178566761042,11.9,0.22859900000000002
13.52,0.02373,-0.048420000000000005,0.1918465913792167,-0.45581018745083923,11.9,0.282387
13.540000000000001,0.01921,-0.048420000000000005,0.1918465913792167,-0.45120251822557417,11.9,0.22859900000000002
13.56,0.01921,-0.04573,0.1918465913792167,-0.44813073874206416,11.9,0.22859900000000002
13.58,0.03164,-0.040350000000000004,0.1918465913792167,-0.4435230695167992,11.9,0.376516
13.6,0.042940000000000006,-0.03497,0.1918465913792167,-0.43891540029153414,11.9,0.510986
13.620000000000001,0.05085,-0.03228,0.1918465913792167,-0.4343077310662689,11.9,0.605115
13.64,0.05876000000000001,-0.029589999999999998,0.21582741530161878,-0.42816417209924906,11.9,0.6992440000000001
13.66,0.07006,-0.029589999999999998,0.21582741530161878,-0.4235565028739839,11.9,0.833714
13.68,0.09040000000000001,-0.01614,0.263789063146423,-0.4158770541652089,11.9,1.07576
13.700000000000001,0.10961,-0.01614,0.28776988706882506,-0.40819760545643385,11.9,1.304359
13.72,0.13334,-0.00538,0.3357315349136292,-0.40051815674765884,11.9,1.586746
13.74,0.16837,0.0,0.3836931827584334,-0.38976692855537387,11.9,2.003603
13.76,0.20792000000000002,0.00807,0.43165483060323756,-0.3774798106213336,11.9,2.4742480000000002
13.780000000000001,0.25538,0.01614,0.5035973023704439,-0.3651926926872937,11.9,3.039022
13.8,0.31074999999999997,0.03228,0.5995205980600522,-0.3482979055279885,11.9,3.6979249999999997
13.82,0.37742000000000003,0.0538,0.7194247176720626,-0.32986722862692847,11.9,4.4912980000000005
13.84,0.47234000000000004,0.08339,0.839328837284073,-0.3052929927588482,11.9,5.620846
13.86,0.55483,0.08339,0.9832137808184854,-0.2791828671490132,11.9,6.602477
13.88,0.5864699999999999,0.048420000000000005,1.1510795482753002,-0.24846507231391285,11.9,6.978992999999999
13.9,0.56274,0.00807,1.3189453157321147,-0.21313960825354755,11.9,6.696606
13.92,0.47573,-0.048420000000000005,1.5107919071113316,-0.17781414419318228,11.9,5.661187
13.94,0.33787,-0.1076,1.678657674568146,-0.13788101090755198,11.9,4.020653
13.96,0.18080000000000002,-0.19099000000000002,1.7506001463353522,-0.11023499555596168,11.9,2.15152
13.98,0.01921,-0.25824,1.6546768506457439,-0.08873253917139186,11.9,0.22859900000000002
14.0,-0.13447,-0.31204000000000004,1.390887787499321,-0.07798131097910682,11.9,-1.6001930000000002
14.02,-0.27233,-0.29052,0.9592329568960836,-0.07798131097910682,11.9,-3.240727
14.040000000000001,-0.39437,-0.23671999999999999,0.5035973023704439,-0.08719664942963665,11.9,-4.693003
14.06,-0.49042,-0.19368000000000002,0.023980823922402087,-0.1071632160724519,11.9,-5.835998
14.08,-0.57856,-0.1883,-0.43165483060323756,-0.13173745194053196,11.9,-6.884863999999999
14.1,-0.66105,-0.19906000000000001,-0.839328837284073,-0.16245524677563225,11.9,-7.8664950000000005
14.120000000000001,-0.73111,-0.1883,-1.1990411961201044,-0.19624482109424232,11.9,-8.700209000000001
14.14,-0.78196,-0.16678,-1.4868110831889294,-0.23771384412162785,11.9,-9.305324
14.16,-0.8136,-0.15871000000000002,-1.7506001463353522,-0.2822546466325232,11.9,-9.68184
14.18,-0.83281,-0.13719,-1.9664275616369709,-0.3283313388851733,11.9,-9.910439
14.200000000000001,-0.8362,-0.11028999999999999,-2.1582741530161877,-0.3744080311378236,11.9,-9.950780000000002
14.22,-0.8282900000000001,-0.10491,-2.2781782726281983,-0.4250923926157391,11.9,-9.856651000000001
14.24,-0.81699,-0.09684000000000001,-2.3741015683178066,-0.4727049746101442,11.9,-9.722181
14.26,-0.7932600000000001,-0.08877,-2.398082392240209,-0.5218534463463046,11.9,-9.439794000000001
14.280000000000001,-0.7446699999999999,-0.08070000000000001,-2.398082392240209,-0.5679301385989549,11.9,-8.861573
14.3,-0.6893,-0.061869999999999994,-2.3501207443954044,-0.6124709411098502,11.9,-8.202670000000001
14.32,-0.62263,-0.03497,-2.2781782726281983,-0.6524040743954805,11.9,-7.4092970000000005
14.34,-0.5435300000000001,-0.024210000000000002,-2.1582741530161877,-0.6892654281976006,11.9,-6.468007000000001
14.36,-0.45765,-0.00807,-1.9904083855593735,-0.721519112774456,11.9,-5.446035
14.38,-0.36725,-0.00269,-1.7985617941801566,-0.7476292383842913,11.9,-4.370275
14.4,-0.28363,-0.0269,-1.4628302592665272,-0.7783470332193912,11.9,-3.375197
14.42,-0.19775,-0.0269,-1.2230220200425064,-0.7937059306369415,11.9,-2.353225
14.44,-0.11074,-0.01345,-0.9592329568960836,-0.8013853793457163,11.9,-1.317806
14.46,-0.04407,-0.01614,-0.6954438937496605,-0.8059930485709813,11.9,-0.524433
14.48,0.01921,-0.01345,-0.45563565452563964,-0.8044571588292265,11.9,0.22859900000000002
14.5,0.07797000000000001,-0.01345,-0.1918465913792167,-0.7998494896039615,11.9,0.9278430000000002
14.52,0.12204000000000001,-0.024210000000000002,0.0,-0.7921700408951865,11.9,1.4522760000000001
14.540000000000001,0.15255000000000002,-0.029589999999999998,0.1918465913792167,-0.7814188127029013,11.9,1.8153450000000002
14.56,0.16498000000000002,-0.04304,0.3597123588360313,-0.7675958050271063,11.9,1.9632620000000003
14.58,0.16046,-0.06725,0.5035973023704439,-0.7537727973513112,11.9,1.909474
14.6,0.15255000000000002,-0.08877,0.5995205980600522,-0.7384138999337609,11.9,1.8153450000000002
14.620000000000001,0.14125,-0.09415,0.6714630698272585,-0.723055002516211,11.9,1.680875
14.64,0.14464,-0.08877,0.7194247176720626,-0.7092319948404158,11.9,1.7212159999999999
14.66,0.16046,-0.06725,0.7194247176720626,-0.6954089871646207,11.9,1.909474
14.68,0.17289000000000002,-0.05111,0.7194247176720626,-0.6800500897470707,11.9,2.0573910000000004
14.700000000000001,0.18419,-0.048420000000000005,0.7194247176720626,-0.6662270820712755,11.9,2.191861
14.72,0.19210000000000002,-0.05649,0.7194247176720626,-0.6508681846537253,11.9,2.2859900000000004
14.74,0.19210000000000002,-0.06456,0.7434055415944647,-0.6339733974944204,11.9,2.2859900000000004
14.76,0.18871000000000002,-0.07263,0.7673863655168668,-0.6186145000768701,11.9,2.2456490000000002
14.780000000000001,0.17628,-0.08070000000000001,0.791367189439269,-0.6017197129175652,11.9,2.097732
14.8,0.15255000000000002,-0.08877,0.791367189439269,-0.586360815500015,11.9,1.8153450000000002
14.82,0.13334,-0.09146,0.791367189439269,-0.5710019180824649,11.9,1.586746
14.84,0.11413000000000001,-0.09146,0.7673863655168668,-0.5571789104066699,11.9,1.3581470000000002
14.86,0.09379,-0.08877,0.7194247176720626,-0.5448917924726299,11.9,1.116101
14.88,0.08249000000000001,-0.07801000000000001,0.6714630698272585,-0.5341405642803448,11.9,0.9816310000000001
14.9,0.07006,-0.07801000000000001,0.5995205980600522,-0.5249252258298145,11.9,0.833714
14.92,0.05876000000000001,-0.06994,0.527578126292846,-0.5172457771210396,11.9,0.6992440000000001
14.94,0.04746,-0.06994,0.45563565452563964,-0.5095663284122646,11.9,0.564774
14.96,0.03503,-0.06725,0.4076740066808355,-0.5034227694452443,11.9,0.416857
14.98,0.027120000000000002,-0.06725,0.3597123588360313,-0.49727921047822427,11.9,0.322728
15.0,0.02373,-0.06456,0.3357315349136292,-0.4911356515112043,11.9,0.282387
15.02,0.01921,-0.061869999999999994,0.28776988706882506,-0.48652798228593946,11.9,0.22859900000000002
15.040000000000001,0.01921,-0.059179999999999996,0.263789063146423,-0.48192031306067423,11.9,0.22859900000000002
15.06,0.01921,-0.05649,0.2398082392240209,-0.47731264383540917,11.9,0.22859900000000002
15.08,0.01582,-0.0538,0.21582741530161878,-0.4727049746101442,11.9,0.188258
15.1,0.01582,-0.0538,0.21582741530161878,-0.4696331951266342,11.9,0.188258
15.120000000000001,0.01921,-0.0538,0.1918465913792167,-0.46502552590136925,11.9,0.22859900000000002
15.14,0.01921,-0.05111,0.1918465913792167,-0.4619537464178592,11.9,0.22859900000000002
15.16,0.02373,-0.05111,0.1918465913792167,-0.4573460771925943,11.9,0.282387
15.18,0.03503,-0.040350000000000004,0.1918465913792167,-0.4527384079673291,11.9,0.416857
15.200000000000001,0.042940000000000006,-0.040350000000000004,0.1918465913792167,-0.44813073874206416,11.9,0.510986
15.22,0.05085,-0.03497,0.21582741530161878,-0.4435230695167992,11.9,0.605115
15.24,0.05876000000000001,-0.03497,0.21582741530161878,-0.4373795105497789,11.9,0.6992440000000001
15.26,0.07006,-0.03228,0.2398082392240209,-0.4312359515827589,11.9,0.833714
15.280000000000001,0.09040000000000001,-0.02152,0.263789063146423,-0.4250923926157391,11.9,1.07576
15.3,0.10961,-0.01614,0.28776988706882506,-0.4174129439069639,11.9,1.304359
15.32,0.12995,-0.01345,0.3357315349136292,-0.40819760545643385,11.9,1.5464050000000003
15.34,0.16498000000000002,0.0,0.3836931827584334,-0.39898226700590356,11.9,1.9632620000000003
15.36,0.20792000000000002,0.00538,0.43165483060323756,-0.3851592593301086,11.9,2.4742480000000002
15.38,0.25538,0.01614,0.5035973023704439,-0.37287214139606856,11.9,3.039022
15.4,0.30736,0.0269,0.5995205980600522,-0.3559773542367633,11.9,3.6575840000000004
15.42,0.37403,0.048420000000000005,0.7194247176720626,-0.33754667733570326,11.9,4.450957
15.44,0.46895000000000003,0.08070000000000001,0.839328837284073,-0.3129724414676232,11.9,5.5805050000000005
15.46,0.5514399999999999,0.07801000000000001,0.9832137808184854,-0.2868623158577881,11.9,6.562136
15.48,0.59099,0.05111,1.1510795482753002,-0.25614452102268787,11.9,7.032781
15.5,0.56726,0.00538,1.3189453157321147,-0.22081905696232257,11.9,6.750394
15.52,0.48025,-0.04304,1.5107919071113316,-0.1839577031602025,11.9,5.714975
15.540000000000001,0.34578000000000003,-0.10491,1.678657674568146,-0.14709634935808225,11.9,4.114782000000001
15.56,0.18532,-0.19637000000000002,1.7506001463353522,-0.11637855452298214,11.9,2.205308
15.58,0.022600000000000002,-0.26362,1.6546768506457439,-0.09487609813841187,11.9,0.26894
15.6,-0.13108,-0.31204000000000004,1.390887787499321,-0.08412486994612683,11.9,-1.559852
15.620000000000001,-0.26894,-0.28783,0.9832137808184854,-0.08412486994612683,11.9,-3.2003860000000004
15.64,-0.39098,-0.24478999999999998,0.527578126292846,-0.09334020839665665,11.9,-4.652662
15.66,-0.4972,-0.19906000000000001,0.023980823922402087,-0.11330677503947213,11.9,-5.9166799999999995
15.68,-0.5876,-0.16140000000000002,-0.5755397741376501,-0.14863223909983722,11.9,-6.99244
15.700000000000001,-0.6667000000000001,-0.19099000000000002,-1.0311754286632897,-0.1839577031602025,11.9,-7.9337300000000015
15.72,-0.73789,-0.16140000000000002,-1.3189453157321147,-0.22081905696232257,11.9,-8.780891
15.74,-0.7898700000000001,-0.16409,-1.582734378878538,-0.26228807998970793,11.9,-9.399453000000001
15.76,-0.82151,-0.16947,-1.8225426181025586,-0.30682888250060325,11.9,-9.775969
15.780000000000001,-0.84411,-0.13719,-2.0143892094817755,-0.35290557475325357,11.9,-10.044909
15.8,-0.84411,-0.11567,-2.18225497693859,-0.40051815674765884,11.9,-10.044909
15.82,-0.83281,-0.11028999999999999,-2.3021590965506005,-0.45120251822557417,11.9,-9.910439
15.84,-0.8249000000000001,-0.10222,-2.3741015683178066,-0.4988151002199795,11.9,-9.816310000000001
15.860000000000001,-0.80117,-0.09415,-2.422063216162611,-0.5464276822143849,11.9,-9.533923000000001
15.88,-0.7525799999999999,-0.08608,-2.398082392240209,-0.592504374467035,11.9,-8.955701999999999
15.9,-0.6938200000000001,-0.05649,-2.3501207443954044,-0.6370451769779303,11.9,-8.256458000000002
15.92,-0.62263,-0.03497,-2.2781782726281983,-0.6785142000053158,11.9,-7.4092970000000005
15.94,-0.5435300000000001,-0.0269,-2.1582741530161877,-0.7153755538074359,11.9,-6.468007000000001
15.96,-0.46104,-0.01076,-1.9904083855593735,-0.7460933486425361,11.9,-5.486376
15.98,-0.37516,-0.01076,-1.7985617941801566,-0.7737393639941264,11.9,-4.464404
16.0,-0.28815,-0.01345,-1.582734378878538,-0.7952418203786964,11.9,-3.4289850000000004
16.02,-0.19775,-0.00807,-1.3189453157321147,-0.8106007177962467,11.9,-2.353225
16.04,-0.11074,-0.00538,-1.055156252585692,-0.8198160562467764,11.9,-1.317806
16.06,-0.04407,-0.01345,-0.7673863655168668,-0.8244237254720417,11.9,-0.524433
16.080000000000002,0.01921,-0.00807,-0.4796164784480418,-0.8244237254720417,11.9,0.22859900000000002
16.1,0.07797000000000001,-0.01614,-0.21582741530161878,-0.8182801665050216,11.9,0.9278430000000002
16.12,0.1017,-0.03497,0.0,-0.8106007177962467,11.9,1.21023
16.14,0.12995,-0.03497,0.1918465913792167,-0.7998494896039615,11.9,1.5464050000000003
16.16,0.16046,-0.03497,0.3597123588360313,-0.7875623716699213,11.9,1.909474
16.18,0.16498000000000002,-0.06725,0.4796164784480418,-0.7752752537358811,11.9,1.9632620000000003
16.2,0.16498000000000002,-0.06994,0.5755397741376501,-0.7599163563183309,11.9,1.9632620000000003
16.22,0.16498000000000002,-0.07801000000000001,0.6714630698272585,-0.744557458900781,11.9,1.9632620000000003
16.240000000000002,0.16046,-0.08608,0.7194247176720626,-0.7291985614832309,11.9,1.909474
16.26,0.16046,-0.08070000000000001,0.7434055415944647,-0.7138396640656809,11.9,1.909474
16.28,0.17289000000000002,-0.06456,0.7434055415944647,-0.6984807666481306,11.9,2.0573910000000004
16.3,0.18419,-0.05649,0.7434055415944647,-0.6831218692305807,11.9,2.191861
16.32,0.19210000000000002,-0.0538,0.7434055415944647,-0.6662270820712755,11.9,2.2859900000000004
16.34,0.19210000000000002,-0.061869999999999994,0.7673863655168668,-0.6508681846537253,11.9,2.2859900000000004
16.36,0.18419,-0.07263,0.7673863655168668,-0.6355092872361754,11.9,2.191861
16.38,0.16837,-0.08608,0.791367189439269,-0.6186145000768701,11.9,2.003603
16.4,0.15707000000000002,-0.08877,0.791367189439269,-0.6032556026593201,11.9,1.8691330000000002
16.42,0.14125,-0.08608,0.791367189439269,-0.5878967052417702,11.9,1.680875
16.44,0.11413000000000001,-0.09146,0.7673863655168668,-0.5740736975659749,11.9,1.3581470000000002
16.46,0.09831,-0.08877,0.7194247176720626,-0.5617865796319346,11.9,1.169889
16.48,0.08249000000000001,-0.08608,0.6714630698272585,-0.5510353514396498,11.9,0.9816310000000001
16.5,0.06667,-0.08070000000000001,0.5995205980600522,-0.5402841232473645,11.9,0.793373
16.52,0.05876000000000001,-0.07263,0.551558950215248,-0.5326046745385898,11.9,0.6992440000000001
16.54,0.04746,-0.07263,0.4796164784480418,-0.5249252258298145,11.9,0.564774
16.56,0.03955,-0.06725,0.43165483060323756,-0.5172457771210396,11.9,0.47064500000000004
16.580000000000002,0.03164,-0.06456,0.3836931827584334,-0.5111022181540196,11.9,0.376516
16.6,0.02373,-0.06456,0.3357315349136292,-0.5064945489287546,11.9,0.282387
16.62,0.01921,-0.059179999999999996,0.28776988706882506,-0.5018868797034892,11.9,0.22859900000000002
16.64,0.01921,-0.059179999999999996,0.263789063146423,-0.4957433207364695,11.9,0.22859900000000002
16.66,0.01921,-0.05649,0.2398082392240209,-0.49267154125295953,11.9,0.22859900000000002
16.68,0.01582,-0.05649,0.21582741530161878,-0.48652798228593946,11.9,0.188258
16.7,0.01921,-0.05649,0.21582741530161878,-0.48345620280242924,11.9,0.22859900000000002
16.72,0.02373,-0.05111,0.21582741530161878,-0.4788485335771643,11.9,0.282387
16.740000000000002,0.02373,-0.05111,0.21582741530161878,-0.4742408643518992,11.9,0.282387
16.76,0.02373,-0.05111,0.21582741530161878,-0.4696331951266342,11.9,0.282387
16.78,0.027120000000000002,-0.048420000000000005,0.21582741530161878,-0.46502552590136925,11.9,0.322728
16.8,0.03503,-0.04304,0.21582741530161878,-0.4619537464178592,11.9,0.416857
16.82,0.04746,-0.040350000000000004,0.21582741530161878,-0.4573460771925943,11.9,0.564774
16.84,0.06328,-0.029589999999999998,0.21582741530161878,-0.45120251822557417,11.9,0.753032
16.86,0.07458000000000001,-0.029589999999999998,0.2398082392240209,-0.44505895925855393,11.9,0.8875020000000001
16.88,0.09040000000000001,-0.024210000000000002,0.263789063146423,-0.4373795105497789,11.9,1.07576
16.9,0.10961,-0.01614,0.3117507109912271,-0.4297000618410042,11.9,1.304359
16.92,0.13334,-0.00807,0.3357315349136292,-0.42048472339047366,11.9,1.586746
16.94,0.16837,0.0,0.3836931827584334,-0.41126938493994386,11.9,2.003603
16.96,0.2034,0.0,0.45563565452563964,-0.39744637726414883,11.9,2.42046
16.98,0.24747,0.01345,0.527578126292846,-0.3851592593301086,11.9,2.944893
17.0,0.30736,0.03228,0.5995205980600522,-0.36826447217080377,11.9,3.6575840000000004
17.02,0.37403,0.04573,0.7194247176720626,-0.3482979055279885,11.9,4.450957
17.04,0.46895000000000003,0.07801000000000001,0.839328837284073,-0.32525955940166346,11.9,5.5805050000000005
17.06,0.55483,0.08070000000000001,0.9832137808184854,-0.29914943379182796,11.9,6.602477
17.080000000000002,0.59099,0.05111,1.1510795482753002,-0.2684316389567279,11.9,7.032781
17.1,0.5706500000000001,0.01076,1.342926139654517,-0.23310617489636284,11.9,6.7907350000000015
17.12,0.48364000000000007,-0.04573,1.5107919071113316,-0.19624482109424232,11.9,5.755316000000001
17.14,0.31866,-0.12912,1.678657674568146,-0.1578475775503675,11.9,3.7920540000000003
17.16,0.14916000000000001,-0.21251,1.7506001463353522,-0.12866567245702196,11.9,1.7750040000000002
17.18,0.0067800000000000004,-0.26093,1.6546768506457439,-0.10869910581420689,11.9,0.080682
17.2,-0.14238,-0.32011,1.366906963576919,-0.09948376736367666,11.9,-1.694322
17.22,-0.28024,-0.2959,0.9352521329736813,-0.09948376736367666,11.9,-3.334856
17.240000000000002,-0.40228,-0.22865,0.45563565452563964,-0.11023499555596168,11.9,-4.787132000000001
17.26,-0.5051100000000001,-0.20444,0.0,-0.12866567245702196,11.9,-6.010809000000001
17.28,-0.59325,-0.20444,-0.45563565452563964,-0.15477579806685746,11.9,-7.059675000000001
17.3,-0.66783,-0.20444,-0.8872904851288773,-0.18549359290195752,11.9,-7.947177000000001
17.32,-0.73902,-0.18561,-1.2230220200425064,-0.22081905696232257,11.9,-8.794338
17.34,-0.7932600000000001,-0.18023,-1.5107919071113316,-0.26228807998970793,11.9,-9.439794000000001
17.36,-0.8249000000000001,-0.16678,-1.7745809702577546,-0.30836477224235825,11.9,-9.816310000000001
17.38,-0.84411,-0.13181,-1.9904083855593735,-0.3544414644950086,11.9,-10.044909
17.400000000000002,-0.8475,-0.11835999999999999,-2.1582741530161877,-0.40051815674765884,11.9,-10.08525
17.42,-0.8362,-0.11028999999999999,-2.3021590965506005,-0.44966662848381916,11.9,-9.950780000000002
17.44,-0.81699,-0.09415,-2.3741015683178066,-0.4988151002199795,11.9,-9.722181
17.46,-0.7898700000000001,-0.08608,-2.422063216162611,-0.5464276822143849,11.9,-9.399453000000001
17.48,-0.7446699999999999,-0.08339,-2.398082392240209,-0.592504374467035,11.9,-8.861573
17.5,-0.6813899999999999,-0.048420000000000005,-2.3501207443954044,-0.6370451769779303,11.9,-8.108540999999999
17.52,-0.61133,-0.03497,-2.254197448705796,-0.6769783102635606,11.9,-7.274827000000001
17.54,-0.5367500000000001,-0.0269,-2.134293329093786,-0.7123037743239258,11.9,-6.387325000000001
17.56,-0.45313000000000003,-0.01345,-1.9664275616369709,-0.744557458900781,11.9,-5.392247
17.580000000000002,-0.35481999999999997,-0.00538,-1.7745809702577546,-0.7706675845106161,11.9,-4.222358
17.6,-0.26894,-0.00538,-1.5347727310337336,-0.7906341511534313,11.9,-3.2003860000000004
17.62,-0.19323,-0.01076,-1.2709836678873108,-0.8059930485709813,11.9,-2.299437
17.64,-0.11074,-0.01614,-1.0071946047408877,-0.8136724972797564,11.9,-1.317806
17.66,-0.04407,-0.029589999999999998,-0.7194247176720626,-0.8182801665050216,11.9,-0.524433
17.68,0.01921,-0.00807,-0.45563565452563964,-0.8167442767632666,11.9,0.22859900000000002
17.7,0.07797000000000001,-0.01614,-0.1918465913792167,-0.8121366075380017,11.9,0.9278430000000002
17.72,0.12204000000000001,-0.01614,0.0,-0.8044571588292265,11.9,1.4522760000000001
17.740000000000002,0.15255000000000002,-0.024210000000000002,0.21582741530161878,-0.7937059306369415,11.9,1.8153450000000002
17.76,0.16498000000000002,-0.04573,0.3597123588360313,-0.7798829229611465,11.9,1.9632620000000003
17.78,0.16046,-0.07263,0.5035973023704439,-0.7660599152853512,11.9,1.909474
17.8,0.15255000000000002,-0.08608,0.6235014219824542,-0.750701017867801,11.9,1.8153450000000002
17.82,0.14464,-0.09953000000000001,0.6954438937496605,-0.735342120450251,11.9,1.7212159999999999
17.84,0.14916000000000001,-0.08608,0.7194247176720626,-0.721519112774456,11.9,1.7750040000000002
17.86,0.16046,-0.06456,0.7194247176720626,-0.6984807666481306,11.9,1.909474
17.88,0.17289000000000002,-0.0538,0.7194247176720626,-0.6846577589723357,11.9,2.0573910000000004
17.900000000000002,0.18419,-0.048420000000000005,0.7194247176720626,-0.6692988615547855,11.9,2.191861
17.92,0.19210000000000002,-0.05649,0.7194247176720626,-0.6554758538789904,11.9,2.2859900000000004
17.94,0.19210000000000002,-0.06456,0.7434055415944647,-0.6385810667196853,11.9,2.2859900000000004
17.96,0.18419,-0.07263,0.7673863655168668,-0.6216862795603804,11.9,2.191861
17.98,0.16837,-0.08339,0.791367189439269,-0.6047914924010751,11.9,2.003603
18.0,0.14916000000000001,-0.08608,0.791367189439269,-0.5909684847252801,11.9,1.7750040000000002
18.02,0.12995,-0.08877,0.7673863655168668,-0.5756095873077299,11.9,1.5464050000000003
18.04,0.10961,-0.09146,0.7434055415944647,-0.5617865796319346,11.9,1.304359
18.06,0.09379,-0.08339,0.6954438937496605,-0.5494994616978949,11.9,1.116101
18.080000000000002,0.07797000000000001,-0.08070000000000001,0.6474822459048563,-0.5402841232473645,11.9,0.9278430000000002
18.1,0.06667,-0.07263,0.5755397741376501,-0.5310687847968347,11.9,0.793373
18.12,0.05876000000000001,-0.07263,0.527578126292846,-0.5233893360880596,11.9,0.6992440000000001
18.14,0.04746,-0.06994,0.45563565452563964,-0.5141739976375295,11.9,0.564774
18.16,0.03955,-0.06456,0.4076740066808355,-0.5080304386705096,11.9,0.47064500000000004
18.18,0.03164,-0.061869999999999994,0.3597123588360313,-0.5018868797034892,11.9,0.376516
18.2,0.02373,-0.06456,0.3357315349136292,-0.4957433207364695,11.9,0.282387
18.22,0.01921,-0.061869999999999994,0.28776988706882506,-0.4911356515112043,11.9,0.22859900000000002
18.240000000000002,0.01582,-0.061869999999999994,0.263789063146423,-0.48652798228593946,11.9,0.188258
18.26,0.01582,-0.059179999999999996,0.2398082392240209,-0.48345620280242924,11.9,0.188258
18.28,0.01582,-0.05649,0.21582741530161878,-0.47731264383540917,11.9,0.188258
18.3,0.01921,-0.0538,0.21582741530161878,-0.4742408643518992,11.9,0.22859900000000002
18.32,0.02373,-0.048420000000000005,0.1918465913792167,-0.4696331951266342,11.9,0.282387
18.34,0.02373,-0.048420000000000005,0.1918465913792167,-0.46656141564312426,11.9,0.282387
18.36,0.027120000000000002,-0.04573,0.1918465913792167,-0.4619537464178592,11.9,0.322728
18.38,0.03503,-0.04573,0.1918465913792167,-0.45581018745083923,11.9,0.416857
18.400000000000002,0.03955,-0.04304,0.1918465913792167,-0.45120251822557417,11.9,0.47064500000000004
18.42,0.03955,-0.04304,0.21582741530161878,-0.44505895925855393,11.9,0.47064500000000004
18.44,0.05085,-0.03497,0.21582741530161878,-0.440451290033289,11.9,0.605115
18.46,0.07458000000000001,-0.02152,0.2398082392240209,-0.4343077310662689,11.9,0.8875020000000001
18.48,0.09379,-0.01614,0.263789063146423,-0.42816417209924906,11.9,1.116101
18.5,0.10961,-0.01345,0.28776988706882506,-0.42048472339047366,11.9,1.304359
18.52,0.12995,-0.00807,0.3357315349136292,-0.41126938493994386,11.9,1.5464050000000003
18.54,0.16498000000000002,0.0,0.3836931827584334,-0.4020540464894137,11.9,1.9632620000000003
18.56,0.20792000000000002,0.00269,0.43165483060323756,-0.38976692855537387,11.9,2.4742480000000002
18.580000000000002,0.25199,0.01345,0.5035973023704439,-0.3744080311378236,11.9,2.998681
18.6,0.30736,0.029589999999999998,0.5995205980600522,-0.36058502346202875,11.9,3.6575840000000004
18.62,0.38194,0.05649,0.7194247176720626,-0.34061845681921354,11.9,4.545086
18.64,0.47573,0.08608,0.839328837284073,-0.317580110692888,11.9,5.661187
18.66,0.55935,0.08339,0.9832137808184854,-0.29146998508305294,11.9,6.656265
18.68,0.59438,0.05111,1.1510795482753002,-0.26075219024795265,11.9,7.073122000000001
18.7,0.5706500000000001,0.01076,1.342926139654517,-0.2238908364458326,11.9,6.7907350000000015
18.72,0.48364000000000007,-0.03497,1.5347727310337336,-0.18702948264371252,11.9,5.755316000000001
18.740000000000002,0.3503,-0.09953000000000001,1.7026384984905483,-0.14709634935808225,11.9,4.16857
18.76,0.19323,-0.19099000000000002,1.7745809702577546,-0.11791444426473693,11.9,2.299437
18.78,0.027120000000000002,-0.26362,1.678657674568146,-0.09794787762192188,11.9,0.322728
18.8,-0.13108,-0.31473,1.414868611421723,-0.08566075968788163,11.9,-1.559852
18.82,-0.27233,-0.2959,1.0071946047408877,-0.08566075968788163,11.9,-3.240727
18.84,-0.39889,-0.25555,0.527578126292846,-0.09487609813841187,11.9,-4.746791
18.86,-0.5005900000000001,-0.19906000000000001,0.047961647844804174,-0.11330677503947213,11.9,-5.957021000000001
18.88,-0.59212,-0.20444,-0.4076740066808355,-0.1394169006493072,11.9,-7.046228
18.900000000000002,-0.67122,-0.20444,-0.839328837284073,-0.17013469548440727,11.9,-7.987518000000001
18.92,-0.74241,-0.18561,-1.1990411961201044,-0.20546015954477256,11.9,-8.834679000000001
18.94,-0.7932600000000001,-0.15871000000000002,-1.5347727310337336,-0.2530727415391777,11.9,-9.439794000000001
18.96,-0.82151,-0.15333,-1.8225426181025586,-0.3022212132753382,11.9,-9.775969
18.98,-0.84411,-0.12643,-2.0383700334041777,-0.34983379526974356,11.9,-10.044909
19.0,-0.84411,-0.11028999999999999,-2.206235800860992,-0.39898226700590356,11.9,-10.044909
19.02,-0.8362,-0.11298,-2.3261399204730027,-0.44659484900030916,11.9,-9.950780000000002
19.04,-0.82377,-0.09684000000000001,-2.398082392240209,-0.4957433207364695,11.9,-9.802863
19.06,-0.7932600000000001,-0.08608,-2.422063216162611,-0.5433559027308749,11.9,-9.439794000000001
19.080000000000002,-0.7446699999999999,-0.08070000000000001,-2.398082392240209,-0.5909684847252801,11.9,-8.861573
19.1,-0.6859100000000001,-0.048420000000000005,-2.3501207443954044,-0.6339733974944204,11.9,-8.162329000000001
19.12,-0.61924,-0.03497,-2.2781782726281983,-0.6739065307800506,11.9,-7.368956000000001
19.14,-0.5401400000000001,-0.0269,-2.134293329093786,-0.710767884582171,11.9,-6.427666000000001
19.16,-0.45313000000000003,-0.00807,-1.9904083855593735,-0.743021569159026,11.9,-5.392247
19.18,-0.36725,-0.01076,-1.7745809702577546,-0.7691316947688611,11.9,-4.370275
19.2,-0.28024,-0.00807,-1.5587535549561355,-0.7890982614116763,11.9,-3.334856
19.22,-0.19323,-0.00538,-1.2949644918097125,-0.8044571588292265,11.9,-2.299437
19.240000000000002,-0.19323,-0.00538,-1.2949644918097125,-0.811368662667124,11.9,-2.299437
19.26,-0.04407,-0.01614,-0.7434055415944647,-0.8182801665050216,11.9,-0.524433
19.28,0.01921,-0.00807,-0.4796164784480418,-0.8167442767632666,11.9,0.22859900000000002
19.3,0.07797000000000001,-0.01614,-0.21582741530161878,-0.8136724972797564,11.9,0.9278430000000002
19.32,0.12204000000000001,-0.01614,0.0,-0.8044571588292265,11.9,1.4522760000000001
19.34,0.15255000000000002,-0.024210000000000002,0.1918465913792167,-0.7937059306369415,11.9,1.8153450000000002
19.36,0.16498000000000002,-0.048420000000000005,0.3597123588360313,-0.7814188127029013,11.9,1.9632620000000003
19.38,0.16046,-0.06994,0.5035973023704439,-0.7660599152853512,11.9,1.909474
19.400000000000002,0.14916000000000001,-0.08877,0.5995205980600522,-0.750701017867801,11.9,1.7750040000000002
19.42,0.14125,-0.09953000000000001,0.6714630698272585,-0.736878010192006,11.9,1.680875
19.44,0.15255000000000002,-0.08070000000000001,0.7194247176720626,-0.721519112774456,11.9,1.8153450000000002
19.46,0.16498000000000002,-0.06456,0.7194247176720626,-0.7076961050986608,11.9,1.9632620000000003
19.48,0.17289000000000002,-0.059179999999999996,0.7194247176720626,-0.6923372076811107,11.9,2.0573910000000004
19.5,0.18419,-0.048420000000000005,0.7194247176720626,-0.6785142000053158,11.9,2.191861
19.52,0.19210000000000002,-0.05649,0.7194247176720626,-0.6616194128460103,11.9,2.2859900000000004
19.54,0.19210000000000002,-0.06725,0.7434055415944647,-0.6447246256867054,11.9,2.2859900000000004
19.56,0.18419,-0.07263,0.7673863655168668,-0.6278298385274002,11.9,2.191861
19.580000000000002,0.17289000000000002,-0.08070000000000001,0.791367189439269,-0.6124709411098502,11.9,2.0573910000000004
19.6,0.15255000000000002,-0.08877,0.791367189439269,-0.5971120436923001,11.9,1.8153450000000002
19.62,0.13334,-0.08877,0.791367189439269,-0.5817531462747499,11.9,1.586746
19.64,0.11413000000000001,-0.09146,0.7434055415944647,-0.5694660283407098,11.9,1.3581470000000002
19.66,0.09379,-0.08877,0.7194247176720626,-0.5571789104066699,11.9,1.116101
19.68,0.07797000000000001,-0.08070000000000001,0.6474822459048563,-0.5464276822143849,11.9,0.9278430000000002
19.7,0.06667,-0.07263,0.5995205980600522,-0.5356764540220996,11.9,0.793373
19.72,0.05876000000000001,-0.06994,0.527578126292846,-0.5279970053133245,11.9,0.6992440000000001
19.740000000000002,0.04746,-0.06994,0.4796164784480418,-0.5203175566045496,11.9,0.564774
19.76,0.03503,-0.06994,0.4076740066808355,-0.5141739976375295,11.9,0.416857
19.78,0.027120000000000002,-0.06456,0.3597123588360313,-0.5064945489287546,11.9,0.322728
19.8,0.02373,-0.061869999999999994,0.3357315349136292,-0.5018868797034892,11.9,0.282387
19.82,0.01921,-0.059179999999999996,0.28776988706882506,-0.49727921047822427,11.9,0.22859900000000002
19.84,0.01582,-0.059179999999999996,0.263789063146423,-0.49267154125295953,11.9,0.188258
19.86,0.01582,-0.05649,0.2398082392240209,-0.48806387202769447,11.9,0.188258
19.88,0.01582,-0.0538,0.21582741530161878,-0.48345620280242924,11.9,0.188258
19.900000000000002,0.01921,-0.0538,0.21582741530161878,-0.4803844233189193,11.9,0.22859900000000002
19.92,0.02373,-0.05111,0.21582741530161878,-0.4757767540936542,11.9,0.282387
19.94,0.01921,-0.05111,0.1918465913792167,-0.47116908486838943,11.9,0.22859900000000002
19.96,0.01921,-0.05111,0.1918465913792167,-0.4680973053848795,11.9,0.22859900000000002
19.98,0.03164,-0.04573,0.1918465913792167,-0.463489636159614,11.9,0.376516
20.0,0.042940000000000006,-0.040350000000000004,0.1918465913792167,-0.45888196693434896,11.9,0.510986
20.02,0.05085,-0.03497,0.21582741530161878,-0.4527384079673291,11.9,0.605115
20.04,0.05876000000000001,-0.03497,0.21582741530161878,-0.44813073874206416,11.9,0.6992440000000001
20.06,0.07458000000000001,-0.0269,0.2398082392240209,-0.4419871797750439,11.9,0.8875020000000001
20.080000000000002,0.09379,-0.02152,0.263789063146423,-0.4358436208080242,11.9,1.116101
20.1,0.10961,-0.01614,0.28776988706882506,-0.42662828235749395,11.9,1.304359
20.12,0.12995,-0.01076,0.3357315349136292,-0.4174129439069639,11.9,1.5464050000000003
20.14,0.16498000000000002,0.0,0.3836931827584334,-0.40819760545643385,11.9,1.9632620000000003
20.16,0.20792000000000002,0.00538,0.43165483060323756,-0.3959104875223936,11.9,2.4742480000000002
20.18,0.25538,0.01614,0.5035973023704439,-0.3805515901048436,11.9,3.039022
20.2,0.31074999999999997,0.029589999999999998,0.5995205980600522,-0.3651926926872937,11.9,3.6979249999999997
20.22,0.36160000000000003,0.03497,0.7194247176720626,-0.3467620157862335,11.9,4.30304
20.240000000000002,0.4407,0.06456,0.839328837284073,-0.32218777991815345,11.9,5.24433
20.26,0.52771,0.08070000000000001,0.9832137808184854,-0.29607765430831795,11.9,6.279749000000001
20.28,0.56726,0.048420000000000005,1.1510795482753002,-0.2668957492149729,11.9,6.750394
20.3,0.5514399999999999,0.0,1.3189453157321147,-0.23310617489636284,11.9,6.562136
20.32,0.47234000000000004,-0.04304,1.4628302592665272,-0.19778071083599755,11.9,5.620846
20.34,0.34578000000000003,-0.09953000000000001,1.630696026723342,-0.15938346729212222,11.9,4.114782000000001
20.36,0.19323,-0.19637000000000002,1.7026384984905483,-0.13173745194053196,11.9,2.299437
20.38,0.030510000000000002,-0.25017,1.6067152028009397,-0.11023499555596168,11.9,0.36306900000000003
20.400000000000002,-0.12317,-0.30396999999999996,1.366906963576919,-0.09948376736367666,11.9,-1.465723
20.42,-0.26442,-0.29858999999999997,0.9832137808184854,-0.09794787762192188,11.9,-3.146598
20.44,-0.39098,-0.25017,0.527578126292846,-0.1071632160724519,11.9,-4.652662
20.46,-0.4972,-0.2152,0.047961647844804174,-0.12559389297351195,11.9,-5.9166799999999995
20.48,-0.5887300000000001,-0.20982,-0.4076740066808355,-0.15016812884159222,11.9,-7.005887000000001
20.5,-0.66783,-0.20982,-0.815348013361671,-0.1808859236766925,11.9,-7.947177000000001
20.52,-0.73902,-0.1883,-1.1750603721977022,-0.2177472774788126,11.9,-8.794338
20.54,-0.7898700000000001,-0.16947,-1.4868110831889294,-0.25921630050619787,11.9,-9.399453000000001
20.56,-0.8249000000000001,-0.16678,-1.7506001463353522,-0.3022212132753382,11.9,-9.816310000000001
20.580000000000002,-0.8475,-0.1345,-1.9664275616369709,-0.3482979055279885,11.9,-10.08525
20.6,-0.84411,-0.11567,-2.1582741530161877,-0.3959104875223936,11.9,-10.044909
20.62,-0.8362,-0.11028999999999999,-2.3021590965506005,-0.44505895925855393,11.9,-9.950780000000002
20.64,-0.82038,-0.09415,-2.3741015683178066,-0.49420743099471454,11.9,-9.762522
20.66,-0.7898700000000001,-0.08339,-2.422063216162611,-0.5433559027308749,11.9,-9.399453000000001
20.68,-0.7446699999999999,-0.08070000000000001,-2.422063216162611,-0.5894325949835252,11.9,-8.861573
20.7,-0.6859100000000001,-0.048420000000000005,-2.3501207443954044,-0.6324375077526654,11.9,-8.162329000000001
20.72,-0.61924,-0.040350000000000004,-2.2781782726281983,-0.6708347512965407,11.9,-7.368956000000001
20.740000000000002,-0.61924,-0.040350000000000004,-2.2781782726281983,-0.702576472626144,11.9,-7.368956000000001
20.76,-0.61924,-0.040350000000000004,-2.2781782726281983,-0.7343181939557476,11.9,-7.368956000000001
20.78,-0.36725,-0.00807,-1.7745809702577546,-0.7660599152853512,11.9,-4.370275
20.8,-0.28363,-0.00807,-1.5587535549561355,-0.7875623716699213,11.9,-3.375197
20.82,-0.19775,-0.01345,-1.2949644918097125,-0.8029212690874715,11.9,-2.353225
20.84,-0.11074,-0.01076,-1.0311754286632897,-0.8121366075380017,11.9,-1.317806
20.86,-0.11074,-0.01076,-1.0311754286632897,-0.8111126810434982,11.9,-1.317806
20.88,-0.11074,-0.01076,-1.0311754286632897,-0.8100887545489949,11.9,-1.317806
20.900000000000002,0.07797000000000001,-0.01614,-0.1918465913792167,-0.8090648280544914,11.9,0.9278430000000002
20.92,0.11752000000000001,-0.024210000000000002,0.0,-0.8013853793457163,11.9,1.3984880000000002
20.94,0.14916000000000001,-0.029589999999999998,0.1918465913792167,-0.7921700408951865,11.9,1.7750040000000002
20.96,0.16498000000000002,-0.04573,0.3597123588360313,-0.7783470332193912,11.9,1.9632620000000003
20.98,0.16046,-0.06994,0.5035973023704439,-0.7645240255435962,11.9,1.909474
21.0,0.14916000000000001,-0.08608,0.5995205980600522,-0.749165128126046,11.9,1.7750040000000002
21.02,0.13673,-0.10222,0.6714630698272585,-0.7338062307084958,11.9,1.627087
21.04,0.14464,-0.08608,0.7194247176720626,-0.7199832230327008,11.9,1.7212159999999999
21.06,0.16046,-0.06456,0.7194247176720626,-0.7061602153569058,11.9,1.909474
21.080000000000002,0.17289000000000002,-0.0538,0.7194247176720626,-0.6908013179393558,11.9,2.0573910000000004
21.1,0.18419,-0.04573,0.7194247176720626,-0.6754424205218056,11.9,2.191861
21.12,0.18871000000000002,-0.0538,0.7194247176720626,-0.6600835231042554,11.9,2.2456490000000002
21.14,0.18871000000000002,-0.06725,0.7434055415944647,-0.6447246256867054,11.9,2.2456490000000002
21.16,0.18080000000000002,-0.07263,0.7673863655168668,-0.6278298385274002,11.9,2.15152
21.18,0.16046,-0.09415,0.791367189439269,-0.6124709411098502,11.9,1.909474
21.2,0.13673,-0.09684000000000001,0.791367189439269,-0.5971120436923001,11.9,1.627087
21.22,0.12204000000000001,-0.08877,0.7673863655168668,-0.583289036016505,11.9,1.4522760000000001
21.240000000000002,0.10961,-0.08608,0.7194247176720626,-0.5710019180824649,11.9,1.304359
21.26,0.09040000000000001,-0.08339,0.6714630698272585,-0.5587148001484249,11.9,1.07576
21.28,0.07006,-0.08339,0.6235014219824542,-0.5479635719561397,11.9,0.833714
21.3,0.05876000000000001,-0.07801000000000001,0.5755397741376501,-0.5402841232473645,11.9,0.6992440000000001
21.32,0.04746,-0.07263,0.5035973023704439,-0.5310687847968347,11.9,0.564774
21.34,0.03503,-0.07263,0.45563565452563964,-0.5233893360880596,11.9,0.416857
21.36,0.027120000000000002,-0.06725,0.4076740066808355,-0.5187816668627946,11.9,0.322728
21.38,0.01921,-0.06725,0.3357315349136292,-0.5126381078957745,11.9,0.22859900000000002
21.400000000000002,0.00791,-0.06456,0.3117507109912271,-0.5080304386705096,11.9,0.094129
21.42,0.0,-0.07263,0.263789063146423,-0.5034227694452443,11.9,0.0
21.44,0.0,-0.06456,0.21582741530161878,-0.5003509899617344,11.9,0.0
21.46,-0.00452,-0.06456,0.1918465913792167,-0.49727921047822427,11.9,-0.053787999999999996
21.48,-0.012430000000000002,-0.05649,0.14388494353441253,-0.4957433207364695,11.9,-0.14791700000000002
21.5,-0.012430000000000002,-0.048420000000000005,0.11990411961201045,-0.49420743099471454,11.9,-0.14791700000000002
21.52,-0.00904,-0.048420000000000005,0.09592329568960835,-0.4911356515112043,11.9,-0.10757599999999999
21.54,-0.012430000000000002,-0.05111,0.09592329568960835,-0.48959976176944947,11.9,-0.14791700000000002
21.56,-0.020340000000000004,-0.0538,0.09592329568960835,-0.48806387202769447,11.9,-0.24204600000000007
21.580000000000002,-0.024860000000000004,-0.0538,0.09592329568960835,-0.48499209254418424,11.9,-0.29583400000000004
21.6,-0.024860000000000004,-0.0538,0.09592329568960835,-0.48345620280242924,11.9,-0.29583400000000004
21.62,-0.02825,-0.0538,0.07194247176720626,-0.48345620280242924,11.9,-0.336175
