time,trajectory
0.0,0.0
0.02,0.03139525976465669
0.04,0.06266661678215213
0.06,0.0936906572928623
0.08,0.1243449435824274
0.1,0.1545084971874737
0.12,0.18406227634233896
0.14,0.21288964578253636
0.16,0.24087683705085766
0.18,0.26791339748949833
0.2,0.29389262614623657
0.22,0.3187119948743448
0.24,0.3422735529643443
0.26,0.3644843137107058
0.28,0.3852566213878946
0.3,0.4045084971874737
0.32,0.42216396275100754
0.34,0.43815334002193185
0.36,0.4524135262330098
0.38,0.4648882429441257
0.4,0.47552825814757677
0.42,0.48429158056431554
0.44,0.4911436253643443
0.46,0.49605735065723894
0.48,0.4990133642141358
0.5,0.5
0.52,0.4990133642141358
0.54,0.4960573506572389
0.56,0.4911436253643443
0.58,0.4842915805643156
0.6,0.4755282581475768
0.62,0.4648882429441257
0.64,0.45241352623300973
0.66,0.43815334002193174
0.68,0.4221639627510075
0.7000000000000001,0.4045084971874737
0.72,0.3852566213878946
0.74,0.3644843137107057
0.76,0.3422735529643444
0.78,0.31871199487434493
0.8,0.2938926261462366
0.8200000000000001,0.26791339748949833
0.84,0.2408768370508578
0.86,0.21288964578253644
0.88,0.18406227634233907
0.9,0.15450849718747375
0.92,0.12434494358242741
0.9400000000000001,0.09369065729286229
0.96,0.06266661678215227
0.98,0.03139525976465679
1.0,6.123233995736766e-17
1.02,-0.03139525976465667
1.04,-0.06266661678215214
1.06,-0.09369065729286238
1.08,-0.12434494358242751
1.1,-0.15450849718747386
1.12,-0.18406227634233915
1.1400000000000001,-0.21288964578253633
1.16,-0.2408768370508575
1.18,-0.2679133974894982
1.2,-0.2938926261462365
1.22,-0.3187119948743448
1.24,-0.34227355296434436
1.26,-0.36448431371070567
1.28,-0.3852566213878947
1.3,-0.40450849718747367
1.32,-0.42216396275100765
1.34,-0.4381533400219318
1.36,-0.4524135262330099
1.3800000000000001,-0.46488824294412573
1.4000000000000001,-0.47552825814757677
1.42,-0.4842915805643155
1.44,-0.49114362536434436
1.46,-0.4960573506572389
1.48,-0.4990133642141358
1.5,-0.5
1.52,-0.4990133642141358
1.54,-0.49605735065723894
1.56,-0.49114362536434436
1.58,-0.48429158056431554
1.6,-0.4755282581475768
1.62,-0.4648882429441256
1.6400000000000001,-0.4524135262330098
1.6600000000000001,-0.4381533400219317
1.68,-0.42216396275100776
1.7,-0.4045084971874738
1.72,-0.3852566213878948
1.74,-0.3644843137107058
1.76,-0.3422735529643445
1.78,-0.3187119948743448
1.8,-0.2938926261462367
1.82,-0.26791339748949816
1.84,-0.24087683705085766
1.86,-0.2128896457825361
1.8800000000000001,-0.18406227634233893
1.9000000000000001,-0.15450849718747384
1.92,-0.12434494358242767
1.94,-0.09369065729286234
1.96,-0.06266661678215232
1.98,-0.03139525976465663
2.0,-1.2246467991473532e-16
2.02,0.03139525976465639
2.04,0.06266661678215209
2.06,0.0936906572928621
2.08,0.12434494358242744
2.1,0.1545084971874736
2.12,0.1840622763423391
2.14,0.21288964578253627
2.16,0.24087683705085783
2.18,0.26791339748949833
2.2,0.2938926261462368
2.22,0.31871199487434493
2.24,0.34227355296434464
2.2600000000000002,0.36448431371070594
2.2800000000000002,0.3852566213878946
2.3000000000000003,0.4045084971874739
2.32,0.42216396275100737
2.34,0.43815334002193157
2.36,0.4524135262330097
2.38,0.46488824294412556
2.4,0.47552825814757677
2.42,0.4842915805643155
2.44,0.4911436253643443
2.46,0.4960573506572389
2.48,0.4990133642141358
2.5,0.5
2.52,0.4990133642141358
2.54,0.49605735065723894
2.56,0.4911436253643443
2.58,0.48429158056431554
2.6,0.4755282581475768
2.62,0.46488824294412584
2.64,0.4524135262330096
2.66,0.4381533400219317
2.68,0.42216396275100754
2.7,0.40450849718747384
2.72,0.3852566213878943
2.74,0.3644843137107055
2.7600000000000002,0.3422735529643442
2.7800000000000002,0.3187119948743449
2.8000000000000003,0.2938926261462367
2.82,0.2679133974894986
2.84,0.2408768370508581
2.86,0.21288964578253697
2.88,0.184062276342339
2.9,0.1545084971874739
2.92,0.12434494358242774
2.94,0.09369065729286284
2.96,0.06266661678215195
2.98,0.031395259764656694
3.0,1.8369701987210297e-16
3.02,-0.031395259764656326
3.04,-0.06266661678215159
3.06,-0.09369065729286248
3.08,-0.12434494358242738
3.1,-0.15450849718747353
3.12,-0.18406227634233863
3.14,-0.21288964578253664
3.16,-0.24087683705085777
3.18,-0.2679133974894983
3.2,-0.2938926261462364
3.22,-0.31871199487434526
3.24,-0.3422735529643446
3.2600000000000002,-0.3644843137107059
3.2800000000000002,-0.3852566213878946
3.3000000000000003,-0.4045084971874736
3.3200000000000003,-0.4221639627510078
3.34,-0.4381533400219315
3.36,-0.45241352623300946
3.38,-0.4648882429441257
3.4,-0.4755282581475767
3.42,-0.4842915805643155
3.44,-0.49114362536434425
3.46,-0.49605735065723894
3.48,-0.4990133642141358
3.5,-0.5
3.52,-0.4990133642141358
3.54,-0.496057350657239
3.56,-0.4911436253643443
3.58,-0.4842915805643156
3.6,-0.4755282581475769
3.62,-0.46488824294412584
3.64,-0.4524135262330096
3.66,-0.43815334002193174
3.68,-0.42216396275100754
3.7,-0.40450849718747384
3.72,-0.3852566213878943
3.74,-0.36448431371070555
3.7600000000000002,-0.34227355296434425
3.7800000000000002,-0.3187119948743449
3.8000000000000003,-0.29389262614623674
3.8200000000000003,-0.26791339748949794
3.84,-0.24087683705085816
3.86,-0.21288964578253702
3.88,-0.18406227634233904
3.9,-0.15450849718747395
3.92,-0.1243449435824278
3.94,-0.0936906572928629
3.96,-0.062666616782152
3.98,-0.031395259764656756
4.0,-2.4492935982947064e-16
4.0200000000000005,0.03139525976465715
4.04,0.06266661678215152
4.0600000000000005,0.09369065729286243
4.08,0.12434494358242733
4.1,0.15450849718747262
4.12,0.18406227634233857
4.14,0.21288964578253577
4.16,0.24087683705085772
4.18,0.2679133974894975
4.2,0.29389262614623635
4.22,0.31871199487434454
4.24,0.34227355296434453
4.26,0.3644843137107052
4.28,0.38525662138789457
4.3,0.40450849718747356
4.32,0.42216396275100776
4.34,0.4381533400219315
4.36,0.4524135262330098
4.38,0.4648882429441257
4.4,0.475528258147577
4.42,0.4842915805643154
4.44,0.4911436253643444
4.46,0.49605735065723894
4.48,0.49901336421413583
4.5,0.5
4.5200000000000005,0.4990133642141358
4.54,0.496057350657239
4.5600000000000005,0.4911436253643443
4.58,0.4842915805643156
4.6000000000000005,0.4755282581475766
4.62,0.4648882429441259
4.64,0.45241352623301
4.66,0.43815334002193174
4.68,0.4221639627510081
4.7,0.4045084971874739
4.72,0.3852566213878949
4.74,0.3644843137107056
4.76,0.3422735529643449
4.78,0.31871199487434493
4.8,0.2938926261462368
4.82,0.26791339748949794
4.84,0.24087683705085822
4.86,0.21288964578253627
4.88,0.1840622763423391
4.9,0.15450849718747314
4.92,0.12434494358242786
4.94,0.09369065729286209
4.96,0.06266661678215207
4.98,0.03139525976465593
5.0,3.061616997868383e-16
5.0200000000000005,-0.03139525976465709
5.04,-0.06266661678215146
5.0600000000000005,-0.09369065729286236
5.08,-0.12434494358242726
5.1000000000000005,-0.15450849718747425
5.12,-0.18406227634233935
5.14,-0.21288964578253491
5.16,-0.2408768370508577
5.18,-0.2679133974894982
5.2,-0.2938926261462363
5.22,-0.3187119948743445
5.24,-0.34227355296434386
5.26,-0.36448431371070517
5.28,-0.38525662138789507
5.3,-0.404508497187473
5.32,-0.42216396275100776
5.34,-0.4381533400219319
5.36,-0.4524135262330098
5.38,-0.4648882429441257
5.4,-0.4755282581475767
5.42,-0.4842915805643154
5.44,-0.4911436253643445
5.46,-0.4960573506572388
5.48,-0.49901336421413583
5.5,-0.5
5.5200000000000005,-0.4990133642141358
5.54,-0.4960573506572389
5.5600000000000005,-0.49114362536434436
5.58,-0.4842915805643156
5.6000000000000005,-0.4755282581475769
5.62,-0.4648882429441259
5.64,-0.45241352623301007
5.66,-0.43815334002193224
5.68,-0.4221639627510081
5.7,-0.4045084971874734
5.72,-0.3852566213878955
5.74,-0.36448431371070567
5.76,-0.34227355296434436
5.78,-0.318711994874345
5.8,-0.29389262614623685
5.82,-0.2679133974894988
5.84,-0.24087683705085827
5.86,-0.21288964578253552
5.88,-0.18406227634234
5.9,-0.1545084971874732
5.92,-0.12434494358242705
5.94,-0.09369065729286215
5.96,-0.06266661678215213
5.98,-0.031395259764656874
6.0,-3.6739403974420594e-16
6.0200000000000005,0.031395259764657915
6.04,0.06266661678215141
6.0600000000000005,0.09369065729286317
6.08,0.12434494358242634
6.1000000000000005,0.1545084971874742
6.12,0.1840622763423393
6.140000000000001,0.21288964578253647
6.16,0.24087683705085763
6.18,0.26791339748949816
6.2,0.29389262614623624
6.22,0.31871199487434443
6.24,0.3422735529643438
6.26,0.3644843137107051
6.28,0.38525662138789507
6.3,0.40450849718747295
6.32,0.4221639627510077
6.34,0.43815334002193185
6.36,0.45241352623300973
6.38,0.4648882429441256
6.4,0.47552825814757665
6.42,0.4842915805643154
6.44,0.4911436253643445
6.46,0.4960573506572388
6.48,0.49901336421413583
6.5,0.5
6.5200000000000005,0.4990133642141358
6.54,0.4960573506572389
6.5600000000000005,0.49114362536434436
6.58,0.4842915805643156
6.6000000000000005,0.47552825814757693
6.62,0.4648882429441259
6.640000000000001,0.45241352623300934
6.66,0.43815334002193224
6.68,0.42216396275100815
6.7,0.40450849718747345
6.72,0.38525662138789557
6.74,0.36448431371070567
6.76,0.34227355296434436
6.78,0.31871199487434504
6.8,0.2938926261462369
6.82,0.26791339748949883
6.84,0.24087683705085833
6.86,0.21288964578253558
6.88,0.18406227634234004
6.9,0.15450849718747328
6.92,0.12434494358242712
6.94,0.0936906572928622
6.96,0.0626666167821522
6.98,0.03139525976465694
7.0,4.286263797015736e-16
7.0200000000000005,-0.03139525976465785
7.04,-0.06266661678215134
7.0600000000000005,-0.09369065729286312
7.08,-0.12434494358242629
7.1000000000000005,-0.15450849718747414
7.12,-0.18406227634233924
7.140000000000001,-0.2128896457825364
7.16,-0.24087683705085758
7.18,-0.2679133974894981
7.2,-0.29389262614623624
7.22,-0.3187119948743444
7.24,-0.34227355296434375
7.26,-0.36448431371070505
7.28,-0.385256621387895
7.3,-0.40450849718747295
7.32,-0.42216396275100765
7.34,-0.43815334002193185
7.36,-0.45241352623300973
7.38,-0.4648882429441256
7.4,-0.47552825814757665
7.42,-0.4842915805643154
7.44,-0.4911436253643445
7.46,-0.49605735065723877
7.48,-0.49901336421413583
7.5,-0.5
7.5200000000000005,-0.4990133642141358
7.54,-0.4960573506572389
7.5600000000000005,-0.49114362536434436
7.58,-0.48429158056431565
7.6000000000000005,-0.47552825814757693
7.62,-0.46488824294412595
7.640000000000001,-0.45241352623300934
7.66,-0.4381533400219323
7.68,-0.4221639627510082
7.7,-0.40450849718747345
7.72,-0.3852566213878956
7.74,-0.3644843137107057
7.76,-0.3422735529643444
7.78,-0.3187119948743451
7.8,-0.29389262614623696
7.82,-0.2679133974894989
7.84,-0.24087683705085838
7.86,-0.21288964578253564
7.88,-0.1840622763423401
7.9,-0.15450849718747334
7.92,-0.12434494358242718
7.94,-0.09369065729286227
7.96,-0.06266661678215225
7.98,-0.031395259764657
8.0,-4.898587196589413e-16
8.02,0.03139525976465602
8.040000000000001,0.06266661678215305
8.06,0.09369065729286305
8.08,0.12434494358242623
8.1,0.1545084971874724
8.120000000000001,0.18406227634233918
8.14,0.21288964578253636
8.16,0.24087683705085752
8.18,0.26791339748949805
8.2,0.29389262614623474
8.22,0.3187119948743457
8.24,0.3422735529643437
8.26,0.36448431371070505
8.28,0.38525662138789385
8.3,0.40450849718747395
8.32,0.42216396275100765
8.34,0.4381533400219318
8.36,0.45241352623300896
8.38,0.46488824294412623
8.4,0.47552825814757665
8.42,0.48429158056431537
8.44,0.4911436253643442
8.46,0.496057350657239
8.48,0.49901336421413583
8.5,0.5
8.52,0.4990133642141359
8.540000000000001,0.4960573506572387
8.56,0.49114362536434436
8.58,0.48429158056431565
8.6,0.47552825814757693
8.620000000000001,0.4648882429441253
8.64,0.4524135262330094
8.66,0.4381533400219323
8.68,0.4221639627510082
8.700000000000001,0.4045084971874735
8.72,0.3852566213878945
8.74,0.3644843137107058
8.76,0.3422735529643445
8.78,0.3187119948743465
8.8,0.29389262614623557
8.82,0.26791339748949894
8.84,0.24087683705085844
8.86,0.2128896457825373
8.88,0.1840622763423385
8.9,0.1545084971874734
8.92,0.12434494358242723
8.94,0.09369065729286408
8.96,0.06266661678215055
8.98,0.03139525976465706
9.0,5.51091059616309e-16
9.02,-0.03139525976465596
9.040000000000001,-0.06266661678215299
9.06,-0.093690657292863
9.08,-0.12434494358242616
9.1,-0.15450849718747234
9.120000000000001,-0.18406227634233913
9.14,-0.2128896457825363
9.16,-0.24087683705085747
9.18,-0.267913397489498
9.200000000000001,-0.29389262614623757
9.22,-0.31871199487434565
9.24,-0.34227355296434364
9.26,-0.364484313710705
9.28,-0.3852566213878938
9.3,-0.4045084971874739
9.32,-0.4221639627510076
9.34,-0.4381533400219318
9.36,-0.4524135262330089
9.38,-0.46488824294412623
9.4,-0.4755282581475766
9.42,-0.48429158056431537
9.44,-0.49114362536434414
9.46,-0.496057350657239
9.48,-0.49901336421413583
9.5,-0.5
9.52,-0.4990133642141359
9.540000000000001,-0.4960573506572387
9.56,-0.49114362536434436
9.58,-0.48429158056431565
9.6,-0.475528258147577
9.620000000000001,-0.46488824294412534
9.64,-0.4524135262330094
9.66,-0.43815334002193235
9.68,-0.42216396275100826
9.700000000000001,-0.40450849718747356
9.72,-0.3852566213878945
9.74,-0.36448431371070583
9.76,-0.34227355296434453
9.78,-0.31871199487434654
9.8,-0.2938926261462356
9.82,-0.267913397489499
9.84,-0.2408768370508585
9.86,-0.21288964578253736
9.88,-0.18406227634233854
9.9,-0.15450849718747345
9.92,-0.1243449435824273
9.94,-0.09369065729286413
9.96,-0.06266661678215062
9.98,-0.031395259764657124
10.0,-6.123233995736766e-16
10.02,0.031395259764655896
10.040000000000001,0.06266661678215292
10.06,0.09369065729286294
10.08,0.1243449435824261
10.1,0.15450849718747228
10.120000000000001,0.18406227634233907
10.14,0.21288964578253625
10.16,0.2408768370508574
10.18,0.26791339748949794
10.200000000000001,0.2938926261462375
10.22,0.31871199487434426
10.24,0.3422735529643449
10.26,0.36448431371070494
10.28,0.38525662138789263
10.3,0.4045084971874749
10.32,0.4221639627510076
10.34,0.4381533400219309
10.36,0.4524135262330096
10.38,0.4648882429441262
10.4,0.4755282581475766
10.42,0.4842915805643158
10.44,0.49114362536434414
10.46,0.496057350657239
10.48,0.49901336421413567
10.5,0.5
10.52,0.4990133642141359
10.540000000000001,0.49605735065723894
10.56,0.4911436253643441
10.58,0.48429158056431565
10.6,0.47552825814757754
10.620000000000001,0.464888242944126
10.64,0.45241352623300946
10.66,0.43815334002193235
10.68,0.4221639627510073
10.700000000000001,0.40450849718747256
10.72,0.38525662138789457
10.74,0.36448431371070705
10.76,0.3422735529643446
10.78,0.3187119948743466
10.8,0.2938926261462371
10.82,0.2679133974894975
10.84,0.24087683705085852
10.86,0.21288964578253902
10.88,0.18406227634233696
10.9,0.1545084971874735
10.92,0.12434494358242908
10.94,0.09369065729286245
10.96,0.06266661678215067
10.98,0.03139525976465718
11.0,2.4499125789312946e-15
11.02,-0.03139525976465584
11.040000000000001,-0.06266661678215286
11.06,-0.09369065729286112
11.08,-0.12434494358242777
11.1,-0.15450849718747223
11.120000000000001,-0.18406227634233902
11.14,-0.2128896457825378
11.16,-0.24087683705085736
11.18,-0.2679133974894964
11.200000000000001,-0.293892626146236
11.22,-0.31871199487434554
11.24,-0.3422735529643436
11.26,-0.36448431371070616
11.28,-0.38525662138789374
11.3,-0.40450849718747384
11.32,-0.4221639627510066
11.34,-0.43815334002193174
11.36,-0.45241352623300884
11.38,-0.4648882429441255
11.4,-0.4755282581475771
11.42,-0.4842915805643153
11.44,-0.4911436253643438
11.46,-0.4960573506572392
11.48,-0.4990133642141358
11.5,-0.5
11.52,-0.4990133642141358
11.540000000000001,-0.4960573506572387
11.56,-0.4911436253643444
11.58,-0.48429158056431615
11.6,-0.475528258147577
11.620000000000001,-0.4648882429441254
11.64,-0.45241352623301023
11.66,-0.4381533400219315
11.68,-0.4221639627510083
11.700000000000001,-0.4045084971874736
11.72,-0.3852566213878935
11.74,-0.3644843137107059
11.76,-0.3422735529643459
11.78,-0.31871199487434526
11.8,-0.29389262614623574
11.82,-0.26791339748949905
11.84,-0.24087683705085702
11.86,-0.21288964578253747
11.88,-0.18406227634233865
11.9,-0.15450849718747525
11.92,-0.12434494358242741
11.94,-0.09369065729286426
11.96,-0.0626666167821525
11.98,-0.03139525976465547
12.0,-7.347880794884119e-16
12.02,0.031395259764654
12.040000000000001,0.06266661678215456
12.06,0.09369065729286281
12.08,0.12434494358242598
12.1,0.15450849718747386
12.120000000000001,0.1840622763423406
12.14,0.21288964578253614
12.16,0.24087683705085575
12.18,0.26791339748949783
12.200000000000001,0.2938926261462374
12.22,0.31871199487434415
12.24,0.3422735529643448
12.26,0.3644843137107049
12.280000000000001,0.38525662138789485
12.3,0.40450849718747484
12.32,0.42216396275100754
12.34,0.43815334002193085
12.36,0.45241352623300957
12.38,0.4648882429441261
12.4,0.47552825814757654
12.42,0.48429158056431576
12.44,0.49114362536434414
12.46,0.496057350657239
12.48,0.49901336421413567
12.5,0.5
12.52,0.4990133642141359
12.540000000000001,0.49605735065723894
12.56,0.4911436253643441
12.58,0.4842915805643157
12.6,0.4755282581475776
12.620000000000001,0.46488824294412606
12.64,0.4524135262330095
12.66,0.4381533400219324
12.68,0.42216396275100737
12.700000000000001,0.4045084971874726
12.72,0.3852566213878946
12.74,0.36448431371070716
12.76,0.34227355296434464
12.780000000000001,0.318711994874344
12.8,0.29389262614623723
12.82,0.2679133974894976
12.84,0.24087683705085863
12.86,0.21288964578253913
12.88,0.18406227634233707
12.9,0.15450849718747361
12.92,0.12434494358242919
12.94,0.09369065729286256
12.96,0.0626666167821508
12.98,0.031395259764657305
13.0,-9.803364199544708e-16
13.02,-0.031395259764655715
13.040000000000001,-0.06266661678215274
13.06,-0.09369065729286101
13.08,-0.12434494358242765
13.1,-0.15450849718747212
13.120000000000001,-0.1840622763423389
13.14,-0.2128896457825377
13.16,-0.24087683705085725
13.18,-0.2679133974894963
13.200000000000001,-0.2938926261462359
13.22,-0.3187119948743455
13.24,-0.3422735529643435
13.26,-0.36448431371070605
13.280000000000001,-0.3852566213878959
13.3,-0.4045084971874737
13.32,-0.42216396275100654
13.34,-0.4381533400219317
13.36,-0.4524135262330088
13.38,-0.46488824294412545
13.4,-0.4755282581475771
13.42,-0.4842915805643153
13.44,-0.4911436253643438
13.46,-0.4960573506572392
13.48,-0.4990133642141358
13.5,-0.5
13.52,-0.4990133642141358
13.540000000000001,-0.4960573506572387
13.56,-0.4911436253643444
13.58,-0.48429158056431615
13.6,-0.47552825814757704
13.620000000000001,-0.4648882429441254
13.64,-0.4524135262330103
13.66,-0.43815334002193157
13.68,-0.42216396275100837
13.700000000000001,-0.40450849718747367
13.72,-0.38525662138789357
13.74,-0.364484313710706
13.76,-0.342273552964346
13.780000000000001,-0.3187119948743454
13.8,-0.2938926261462358
13.82,-0.26791339748949916
13.84,-0.24087683705085713
13.86,-0.21288964578253758
13.88,-0.1840622763423388
13.9,-0.15450849718747536
13.92,-0.12434494358242754
13.94,-0.09369065729286438
13.96,-0.06266661678215261
13.98,-0.03139525976465559
14.0,-8.572527594031472e-16
14.02,0.031395259764653884
14.040000000000001,0.06266661678215445
14.06,0.09369065729286269
14.08,0.12434494358242587
14.1,0.15450849718747373
14.120000000000001,0.1840622763423405
14.14,0.21288964578253602
14.16,0.24087683705085564
14.18,0.2679133974894977
14.200000000000001,0.2938926261462373
14.22,0.31871199487434404
14.24,0.34227355296434475
14.26,0.3644843137107048
14.280000000000001,0.38525662138789474
14.3,0.4045084971874748
14.32,0.4221639627510074
14.34,0.4381533400219308
14.36,0.45241352623300957
14.38,0.4648882429441261
14.4,0.4755282581475765
14.42,0.48429158056431576
14.44,0.4911436253643441
14.46,0.49605735065723894
14.48,0.49901336421413567
14.5,0.5
14.52,0.4990133642141359
14.540000000000001,0.49605735065723894
14.56,0.4911436253643441
14.58,0.48429158056431576
14.6,0.4755282581475776
14.620000000000001,0.4648882429441261
14.64,0.45241352623300957
14.66,0.43815334002193246
14.68,0.4221639627510074
14.700000000000001,0.40450849718747267
14.72,0.38525662138789474
14.74,0.3644843137107072
14.76,0.34227355296434475
14.780000000000001,0.31871199487434404
14.8,0.2938926261462373
14.82,0.2679133974894977
14.84,0.24087683705085874
14.86,0.21288964578253924
14.88,0.18406227634233718
14.9,0.15450849718747373
14.92,0.12434494358242931
14.94,0.09369065729286269
14.96,0.06266661678215092
14.98,0.03139525976465743
15.0,-3.6739403974420594e-16
15.02,0.031483183558233464
15.04,0.06301741917808333
15.059999999999999,0.0944763128547004
15.079999999999998,0.12573226887534786
15.099999999999998,0.1566570008828232
15.119999999999997,0.1871220550707553
15.139999999999997,0.2169993435050663
15.159999999999997,0.24616168547352388
15.179999999999996,0.27448335467990376
15.199999999999996,0.3018406300216232
15.219999999999995,0.32811234762027924
15.239999999999995,0.3531804517137584
15.259999999999994,0.37693054196739667
15.279999999999994,0.39925241472010015
15.299999999999994,0.420040595650242
15.319999999999993,0.43919486132576707
15.339999999999993,0.45662074709377415
15.359999999999992,0.472230038767165
15.379999999999992,0.4859412455802353
15.399999999999991,0.49768005191141285
15.419999999999991,0.5073797453100984
15.43999999999999,0.514981618415862
15.45999999999999,0.5204353424221166
15.47999999999999,0.5236993098130667
15.49999999999999,0.5247409441920091
15.519999999999989,0.5235369751210293
15.539999999999988,0.5200736760065657
15.559999999999988,0.5143470631920558
15.579999999999988,0.5063630545576319
15.599999999999987,0.49613758607729547
15.619999999999987,0.48369668494573553
15.639999999999986,0.46907649805953366
15.659999999999986,0.45232327482030016
15.679999999999986,0.433493303419831
15.699999999999985,0.41265279996884324
15.719999999999985,0.3898777500405598
15.739999999999984,0.3652537024176539
15.759999999999984,0.33887551505474256
15.779999999999983,0.3108470534980306
15.799999999999983,0.28128084223772126
15.819999999999983,0.2502976697064695
15.839999999999982,0.2180261478772984
15.859999999999982,0.18460222765593057
15.879999999999981,0.15016867150419522
15.89999999999998,0.11487448497197653
15.91999999999998,0.07887430905352652
15.93999999999998,0.04232777551890739
15.95999999999998,0.005398827601476005
15.979999999999979,-0.03174499135386868
15.999999999999979,-0.06893327846032758
16.01999999999998,-0.10599353804778722
16.039999999999978,-0.14275197138372933
16.059999999999977,-0.1790342859436051
16.079999999999977,-0.21466652064427155
16.099999999999977,-0.24947588329433024
16.119999999999976,-0.2832915963707411
16.139999999999976,-0.3159457471027274
16.159999999999975,-0.3472741377331477
16.179999999999975,-0.37711713173507755
16.199999999999974,-0.4053204916883513
16.219999999999974,-0.43173620446823213
16.239999999999974,-0.456223289366893
16.259999999999973,-0.478648584758954
16.279999999999973,-0.4988875089353968
16.299999999999972,-0.5168247907663844
16.319999999999972,-0.5323551659133249
16.33999999999997,-0.5453840343941722
16.35999999999997,-0.5558280754137246
16.37999999999997,-0.5636158155025882
16.39999999999997,-0.5686881461645057
16.41999999999997,-0.5709987874116721
16.43999999999997,-0.5705146937712019
16.45999999999997,-0.5672163995725515
16.47999999999997,-0.5610983005748801
16.499999999999968,-0.5521688692642588
16.519999999999968,-0.5404508014424783
16.539999999999967,-0.5259810920408404
16.559999999999967,-0.5088110384226797
16.579999999999966,-0.489006169786025
16.599999999999966,-0.46664610164144826
16.619999999999965,-0.44182431471803096
16.639999999999965,-0.4146478580410031
16.659999999999965,-0.38523697632586834
16.679999999999964,-0.3537246622441564
16.699999999999964,-0.32025613453286106
16.719999999999963,-0.2849882433413541
16.739999999999963,-0.24808880463369692
16.759999999999962,-0.2097358658884758
16.779999999999962,-0.17011690576025007
16.79999999999996,-0.12942797078404764
16.81999999999996,-0.08787275261434034
16.83999999999996,-0.04566160969046643
16.85999999999996,-0.003010537608582704
16.87999999999996,0.03985990714625518
16.89999999999996,0.08272572509803168
16.91999999999996,0.1253606279614285
16.93999999999996,0.16753722344658578
16.959999999999958,0.20902822473654165
16.979999999999958,0.24960767842407966
16.999999999999957,0.28905220446094765
17.019999999999957,0.32714224146965976
17.039999999999957,0.3636632905988152
17.059999999999956,0.39840715096834084
17.079999999999956,0.4311731396533486
17.099999999999955,0.46176928909593734
17.119999999999955,0.4900135148141786
17.139999999999954,0.5157347462984815
17.159999999999954,0.5387740140478742
17.179999999999954,0.5589854858035591
17.199999999999953,0.5762374451846646
17.219999999999953,0.5904132061217691
17.239999999999952,0.6014119567174253
17.259999999999952,0.6091495264392854
17.27999999999995,0.6135590708700435
17.29999999999995,0.6145916685982894
17.31999999999995,0.6122168252346256
17.33999999999995,0.6064228799764632
17.35999999999995,0.5972173106212685
17.37999999999995,0.5846269334397024
17.39999999999995,0.5686979948648939
17.41999999999995,0.5494961525295848
17.439999999999948,0.5271063437863104
17.459999999999948,0.5016325404742638
17.479999999999947,0.47319738934673883
17.499999999999947,0.4419417382416791
17.519999999999946,0.40802404876131615
17.539999999999946,0.3716196969211686
17.559999999999945,0.3329201639299447
17.579999999999945,0.2921321199660696
17.599999999999945,0.24947640451893757
17.619999999999944,0.205186907559842
17.639999999999944,0.15950935649384065
17.659999999999943,0.11270001451515822
17.679999999999943,0.06502429664084357
17.699999999999942,0.016755310325348317
17.719999999999942,-0.031827671841932886
17.73999999999994,-0.08044079928757018
17.75999999999994,-0.1287972818560281
17.77999999999994,-0.17660907037771204
17.79999999999994,-0.22358856987677128
17.81999999999994,-0.26945037550053547
17.83999999999994,-0.3139130209140953
17.85999999999994,-0.35670072862205005
17.87999999999994,-0.39754515145839103
17.899999999999938,-0.4361870943270376
17.919999999999938,-0.4723782051830956
17.939999999999937,-0.5058826242200626
17.959999999999937,-0.5364785802730168
17.979999999999936,-0.5639599235638918
17.999999999999936,-0.5881375841028409
18.019999999999936,-0.6088409453203603
18.039999999999935,-0.6259191228382301
18.059999999999935,-0.6392421386929364
18.079999999999934,-0.6487019818023225
18.099999999999934,-0.6542135460134375
18.119999999999933,-0.6557154376847998
18.139999999999933,-0.6531706454374634
18.159999999999933,-0.6465670654532975
18.179999999999932,-0.6359178765024368
18.199999999999932,-0.6212617597410791
18.21999999999993,-0.6026629592313172
18.23999999999993,-0.5802111800916862
18.25999999999993,-0.5540213221853639
18.27999999999993,-0.5242330482867648
18.29999999999993,-0.491010186730613
18.31999999999993,-0.45453996963396365
18.33999999999993,-0.41503210888443814
18.35999999999993,-0.37271771319994496
18.379999999999928,-0.3278480506793112
18.399999999999928,-0.28069316237174735
18.419999999999927,-0.2315403334886737
18.439999999999927,-0.18069242995585238
18.459999999999926,-0.12846610904984185
18.479999999999926,-0.07518991387194997
18.499999999999925,-0.021202262377939728
18.519999999999925,0.0331506574051576
18.539999999999925,0.08751707349044206
18.559999999999924,0.14154188409924037
18.579999999999924,0.19486896590149982
18.599999999999923,0.2471435217118932
18.619999999999923,0.2980144524793408
18.639999999999922,0.3471367379547601
18.659999999999922,0.3941738100671552
18.67999999999992,0.4387999027858816
18.69999999999992,0.4807023621018103
18.71999999999992,0.5195838997257793
18.73999999999992,0.5551647741811903
18.75999999999992,0.5871848831620733
18.77999999999992,0.6154057513390491
18.79999999999992,0.6396123982239053
18.81999999999992,0.659615071249245
18.839999999999918,0.6752508298809224
18.859999999999918,0.6863849673564821
18.879999999999917,0.6929122575292747
18.899999999999917,0.694758015291583
18.919999999999916,0.6918789601466432
18.939999999999916,0.6842638736929856
18.959999999999916,0.6719340430690544
18.979999999999915,0.6549434837742354
18.999999999999915,0.6333789367263152
19.019999999999914,0.6073596359263957
19.039999999999914,0.5770368446707701
19.059999999999913,0.5425931598653618
19.079999999999913,0.5042415856512316
19.099999999999913,0.4622243792280458
19.119999999999912,0.41681167345472553
19.13999999999991,0.3682998825006996
19.15999999999991,0.3170098985044003
19.17999999999991,0.2632850888557801
19.19999999999991,0.20748910534368925
19.21999999999991,0.15000351798360173
19.23999999999991,0.09122528785450171
19.25999999999991,0.03156409471226618
19.27999999999991,-0.0285604635015127
19.29999999999991,-0.08872178088347786
19.319999999999908,-0.14848924401155014
19.339999999999907,-0.20743130207309254
19.359999999999907,-0.2651185852559256
19.379999999999907,-0.3211270492339553
19.399999999999906,-0.37504112298334785
19.419999999999906,-0.4264568367285915
19.439999999999905,-0.47498490654630093
19.459999999999905,-0.5202537520546908
19.479999999999905,-0.5619124236928066
19.499999999999904,-0.5996334163488862
19.519999999999904,-0.6331153465342234
19.539999999999903,-0.6620854709179733
19.559999999999903,-0.6863020248390027
19.579999999999902,-0.7055563603909871
19.599999999999902,-0.7196748648329655
19.6199999999999,-0.728520641404533
19.6399999999999,-0.7319949361161568
19.6599999999999,-0.7300382957331373
19.6799999999999,-0.7226314439667798
19.6999999999999,-0.7097958648180425
19.7199999999999,-0.691594084074958
19.7399999999999,-0.6681296421322939
19.7599999999999,-0.6395467535656488
19.779999999999898,-0.6060296512367058
19.799999999999898,-0.5678016151152409
19.819999999999897,-0.5251236884587375
19.839999999999897,-0.4782930864740378
19.859999999999896,-0.42764130507813297
19.879999999999896,-0.3735319398570415
19.899999999999896,-0.31635822777358485
19.919999999999895,-0.25654032657528003
19.939999999999895,-0.1945223491832649
19.959999999999894,-0.13076917258157225
19.979999999999894,-0.0657630428525426
19.999999999999893,-3.528208363204797e-13
20.019999999999893,0.06601385194937075
20.039999999999893,0.131766202408344
20.059999999999892,0.1967424905845576
20.07999999999989,0.26042993079235055
20.09999999999989,0.32232157569037445
20.11999999999989,0.3819203855796733
20.13999999999989,0.4387432712916068
20.15999999999989,0.49232507784505475
20.17999999999989,0.5422224759622163
20.19999999999989,0.5880177287091428
20.21999999999989,0.6293223009753419
20.23999999999989,0.665780280227856
20.259999999999888,0.6970715779699801
20.279999999999887,0.7229148826004097
20.299999999999887,0.7430703359001898
20.319999999999887,0.7573419071662127
20.339999999999886,0.7655794410507943
20.359999999999886,0.7676803574461404
20.379999999999885,0.763590984255999
20.399999999999885,0.7533075066081966
20.419999999999884,0.7368765189629847
20.439999999999884,0.7143951696425224
20.459999999999884,0.6860108905243157
20.479999999999883,0.6519207079816267
20.499999999999883,0.612370134591406
20.519999999999882,0.5676516446377156
20.539999999999882,0.5181027399876957
20.55999999999988,0.4641036164783949
20.57999999999988,0.4060744444961402
20.59999999999988,0.3444722809245603
20.61999999999988,0.27978763305213955
20.63999999999988,0.21254069833410386
20.65999999999988,0.14327730706541497
20.67999999999988,0.07256459801178486
20.69999999999988,0.0009864598340364556
20.719999999999878,-0.070861226300419
20.739999999999878,-0.14237550522409356
20.759999999999877,-0.21295138768016925
20.779999999999877,-0.2819869702116176
20.799999999999876,-0.348888592217682
20.819999999999876,-0.4130759863288629
20.839999999999876,-0.4739873775762296
20.859999999999875,-0.531084486532369
20.879999999999875,-0.5838573916900359
20.899999999999874,-0.6318292068273292
20.919999999999874,-0.6745605299898669
20.939999999999873,-0.7116536220006152
20.959999999999873,-0.7427562740841334
20.979999999999873,-0.7675653262573287
20.999999999999872,-0.7858298005828565
21.01999999999987,-0.7973536161900568
21.03999999999987,-0.8019978561245322
21.05999999999987,-0.7996825595693959
21.07999999999987,-0.7903880167649202
21.09999999999987,-0.7741555480103426
21.11999999999987,-0.7510877524313927
21.13999999999987,-0.7213482167053528
21.15999999999987,-0.6851606786159706
21.17999999999987,-0.6428076451238764
21.199999999999868,-0.5946284695435481
21.219999999999867,-0.5410168973723317
21.239999999999867,-0.48241809527590557
21.259999999999867,-0.41932518265339846
21.279999999999866,-0.352275290036865
21.299999999999866,-0.2818451732790348
21.319999999999865,-0.208646417003184
21.339999999999865,-0.13332026508475414
21.359999999999864,-0.05653211996120407
21.379999999999864,0.021034243717575757
21.399999999999864,0.09868270222343337
21.419999999999863,0.17571099082100675
21.439999999999863,0.2514170423830654
21.459999999999862,0.32510540007043204
21.479999999999862,0.3960936459986429
21.49999999999986,0.46371878672754824
21.51999999999986,0.5273435358576738
21.53999999999986,0.5863624340145795
21.55999999999986,0.6402077470599665
21.57999999999986,0.6883550844924731
21.59999999999986,0.7303286816933019
21.61999999999986,0.7657062919258243
21.63999999999986,0.7941236368057168
21.659999999999858,0.8152783673023332
21.679999999999858,0.8289334911918164
21.699999999999857,0.8349202272317627
21.719999999999857,0.8331402511337366
21.739999999999856,0.8235673036366546
21.759999999999856,0.8062481365892443
21.779999999999855,0.7813027788867666
21.799999999999855,0.7489241103250904
21.819999999999855,0.7093767378798644
21.839999999999854,0.6629951755311984
21.859999999999854,0.6101813354745625
21.879999999999853,0.5514013453231065
21.899999999999853,0.48718171264971094
21.919999999999852,0.41810486487294746
21.939999999999852,0.34480409899247993
21.95999999999985,0.26795798195950515
21.97999999999985,0.18828424846019162
21.99999999999985,0.10653324853027281
22.01999999999985,0.02348100264442563
22.03999999999985,-0.06007807332607603
22.05999999999985,-0.1433387066744645
22.07999999999985,-0.22549249969030113
22.09999999999985,-0.30573578151023245
22.11999999999985,-0.3832775044055929
22.139999999999848,-0.4573471073049384
22.159999999999847,-0.5272022684705663
22.179999999999847,-0.5921364691321463
22.199999999999847,-0.651486290545061
22.219999999999846,-0.7046383683939377
22.239999999999846,-0.7510359307037141
22.259999999999845,-0.7901848484446211
22.279999999999845,-0.821659131807922
22.299999999999844,-0.8451058096630434
22.319999999999844,-0.8602491349513457
22.339999999999844,-0.8668940646888993
22.359999999999843,-0.8649289697917371
22.379999999999843,-0.8543275370479464
22.399999999999842,-0.8351498331798771
22.419999999999842,-0.8075425089979449
22.43999999999984,-0.7717381300709754
22.45999999999984,-0.7280536290468114
22.47999999999984,-0.6768878836666039
22.49999999999984,-0.6187184335387197
22.51999999999984,-0.5540973577819033
22.53999999999984,-0.4836463446189248
22.55999999999984,-0.40805099280671003
22.57999999999984,-0.32805439333185343
22.599999999999838,-0.24445004798703254
22.619999999999838,-0.1580741891821409
22.639999999999837,-0.0697975725438412
22.659999999999837,0.019483179567276455
22.679999999999836,0.10885459962230859
22.699999999999836,0.19739567248316844
22.719999999999835,0.2841873156260782
22.739999999999835,0.36832194537011037
22.759999999999835,0.44891303008502204
22.779999999999834,0.5251045299924502
22.799999999999834,0.5960801228546777
22.819999999999833,0.6610721155881839
22.839999999999833,0.7193699436585955
22.859999999999832,0.7703281630088892
22.879999999999832,0.8133738432337667
22.89999999999983,0.8480132757182298
22.91999999999983,0.8738379164721384
22.93999999999983,0.8905294903701858
22.95999999999983,0.8978641913905946
22.97999999999983,0.8957159221678468
22.99999999999983,0.8840585256559597
23.01999999999983,0.8629669718507094
23.03999999999983,0.8326174732437117
23.059999999999828,0.7932865138722734
23.079999999999828,0.7453487883730503
23.099999999999827,0.6892740592247625
23.119999999999827,0.6256229522510312
23.139999999999826,0.5550417223203524
23.159999999999826,0.4782560328947222
23.179999999999826,0.39606380451042855
23.199999999999825,0.30932719829185734
23.219999999999825,0.21896381107182292
23.239999999999824,0.12593716849516517
23.259999999999824,0.03124661149250544
23.279999999999824,-0.06408332038429267
23.299999999999823,-0.1590138981838093
23.319999999999823,-0.2525034887743875
23.339999999999822,-0.34351899472293845
23.359999999999822,-0.4310473239918044
23.37999999999982,-0.5141067624469519
23.39999999999982,-0.591758121392556
23.41999999999982,-0.6631155329910843
23.43999999999982,-0.7273567685117079
23.45999999999982,-0.7837329578780498
23.47999999999982,-0.8315775939437219
23.49999999999982,-0.8703147112823494
23.51999999999982,-0.899466136990109
23.539999999999818,-0.9186577200007621
23.559999999999818,-0.9276244556264801
23.579999999999817,-0.9262144333676715
23.599999999999817,-0.9143915483724014
23.619999999999816,-0.8922369301473503
23.639999999999816,-0.8599490560918757
23.659999999999815,-0.8178425319972142
23.679999999999815,-0.7663455366669952
23.699999999999815,-0.7059959431075512
23.719999999999814,-0.6374361441347054
23.739999999999814,-0.5614066255712887
23.759999999999813,-0.47873834528699244
23.779999999999813,-0.39034399097875483
23.799999999999812,-0.2972082036278953
23.819999999999812,-0.2003768668234401
23.83999999999981,-0.1009455744410386
23.85999999999981,-4.740035090415023e-05
23.87999999999981,0.10115989625322702
23.89999999999981,0.20150708780171803
23.91999999999981,0.29982696849149615
23.93999999999981,0.39496796320488836
23.95999999999981,0.4858076971847478
23.97999999999981,0.5712663666532343
23.999999999999808,0.6503197506315297
24.019999999999808,0.7220117061830557
24.039999999999807,0.7854659931745043
24.059999999999807,0.8398972804135841
24.079999999999806,0.8846211926465503
24.099999999999806,0.919063267322949
24.119999999999806,0.9427667011788956
24.139999999999805,0.9553987794503976
24.159999999999805,0.9567558947797064
24.179999999999804,0.9467670784747055
24.199999999999804,0.9254959835596268
24.219999999999803,0.8931412768323506
24.239999999999803,0.8500354157212389
24.259999999999803,0.7966418049012969
24.279999999999802,0.7335503471623882
24.2999999999998,0.6614714226890742
24.3199999999998,0.5812283504751807
24.3399999999998,0.49374840481409965
24.3599999999998,0.40005247843642516
24.3799999999998,0.3012435016716333
24.3999999999998,0.19849374375443893
24.4199999999998,0.0930311378553674
24.4399999999998,-0.013875214624487476
24.4599999999998,-0.12093019269290674
24.479999999999798,-0.2268282791565864
24.499999999999797,-0.33026947223813
24.519999999999797,-0.42997529273750024
24.539999999999797,-0.5247046901939325
24.559999999999796,-0.6132696500266112
24.579999999999796,-0.6945503046006591
24.599999999999795,-0.7675093546088192
24.619999999999795,-0.831205613078449
24.639999999999795,-0.8848064926776308
24.659999999999794,-0.9275992677400192
24.679999999999794,-0.9590009554617223
24.699999999999793,-0.9785666759196376
24.719999999999793,-0.9859963677654546
24.739999999999792,-0.981139755478368
24.759999999999792,-0.9639994847034602
24.77999999999979,-0.9347323642263325
24.79999999999979,-0.8936486762811845
24.81999999999979,-0.8412095408831445
24.83999999999979,-0.7780223444237115
24.85999999999979,-0.7048342675656002
24.87999999999979,-0.6225239722067121
24.89999999999979,-0.5320915316321058
24.91999999999979,-0.4346467116183214
24.939999999999788,-0.3313957328788907
24.959999999999788,-0.22362666653264862
24.979999999999787,-0.11269363393984617
24.999999999999787,-1.2032665170328512e-12
25.019999999999786,0.11301923541067124
25.039999999999786,0.22491563006075313
25.059999999999786,0.33424584764662324
25.079999999999785,0.4395903257071088
25.099999999999785,0.5395718223170298
25.119999999999784,0.632873599058271
25.139999999999784,0.7182569992236042
25.159999999999783,0.7945781848586411
25.179999999999783,0.8608038040716818
25.199999999999783,0.916025370991969
25.219999999999782,0.9594721547428692
25.23999999999978,0.990522390683309
25.25999999999978,1.0087126467841647
25.27999999999978,1.0137452001322802
25.29999999999978,1.0054933029403343
25.31999999999978,0.9840042438004067
25.33999999999978,0.949500137933266
25.35999999999978,0.9023764095075124
25.37999999999978,0.8431979593625739
25.39999999999978,0.7726930422757246
25.419999999999778,0.6917449088618052
25.439999999999777,0.6013812978704485
25.459999999999777,0.5027618946305313
25.479999999999777,0.39716390026900994
25.499999999999776,0.2859658836914789
25.519999999999776,0.17063011375880371
25.539999999999775,0.052683592248578416
25.559999999999775,-0.0663019712985327
25.579999999999774,-0.1847309842057784
25.599999999999774,-0.3010053218349626
25.619999999999774,-0.413545921605409
25.639999999999773,-0.5208143290914217
25.659999999999773,-0.6213339022410563
25.679999999999772,-0.7137103805490788
25.699999999999772,-0.7966515308437185
25.71999999999977,-0.868985590209347
25.73999999999977,-0.9296782394126744
25.75999999999977,-0.9778478569144421
25.77999999999977,-1.0127788239661506
25.79999999999977,-1.0339326751895903
25.81999999999977,-1.0409569161407373
25.83999999999977,-1.0336913593453343
25.85999999999977,-1.0121718627899037
25.879999999999768,-0.9766313894467609
25.899999999999768,-0.9274983426549126
25.919999999999767,-0.8653921695900999
25.939999999999767,-0.7911162631297856
25.959999999999766,-0.705648230628433
25.979999999999766,-0.610127635929195
25.999999999999766,-0.5058413578080702
26.019999999999765,-0.39420674344235007
26.039999999999765,-0.27675276888686584
26.059999999999764,-0.15509944942746903
26.079999999999764,-0.030935770577167603
26.099999999999763,0.09400356505643487
26.119999999999763,0.21796225918025225
26.139999999999763,0.33918707522089653
26.159999999999762,0.45595268751760804
26.17999999999976,0.5665863709102126
26.19999999999976,0.6694921770688858
26.21999999999976,0.7631742466897995
26.23999999999976,0.846258914536558
26.25999999999976,0.9175152772111317
26.27999999999976,0.9758739113866965
26.29999999999976,1.0204434528484894
26.31999999999976,1.0505247738186916
26.33999999999976,1.0656225273661764
26.359999999999758,1.0654538628342152
26.379999999999757,1.049954154709057
26.399999999999757,1.0192796286926464
26.419999999999757,0.9738068123754672
26.439999999999756,0.9141287832292109
26.459999999999756,0.8410482330167629
26.479999999999755,0.7555674144844927
26.499999999999755,0.6588750826781953
26.519999999999754,0.5523305887198044
26.539999999999754,0.4374453277093944
26.559999999999754,0.3158617839035341
26.579999999999753,0.18933045481294836
26.599999999999753,0.059684970742302085
26.619999999999752,-0.07118424301330852
26.639999999999752,-0.2013573881198215
26.65999999999975,-0.32891340530295193
26.67999999999975,-0.45195836735406947
26.69999999999975,-0.5686537344472437
26.71999999999975,-0.677244049935084
26.73999999999975,-0.7760836578157511
26.75999999999975,-0.8636620324085627
26.77999999999975,-0.9386273263972549
26.79999999999975,-0.9998077651649387
26.819999999999748,-1.0462305430204957
26.839999999999748,-1.0771379101801293
26.859999999999747,-1.0920001778030686
26.879999999999747,-1.0905254114872085
26.899999999999746,-1.0726656308284928
26.919999999999746,-1.0386193832825135
26.939999999999745,-0.9888306139222263
26.959999999999745,-0.9239838079900253
26.979999999999745,-0.8449954395812058
26.999999999999744,-0.7530018165228126
27.019999999999744,-0.6493434676623568
27.039999999999743,-0.5355462734822228
27.059999999999743,-0.4132995933449415
27.079999999999742,-0.2844316919075416
27.099999999999742,-0.15088281251027522
27.11999999999974,-0.014676285885474306
27.13999999999974,0.12211190235659594
27.15999999999974,0.2573846329559316
27.17999999999974,0.38905578798769663
27.19999999999974,0.5150825092554416
27.21999999999974,0.6334970817611054
27.23999999999974,0.7424379435827732
27.25999999999974,0.8401793309271312
27.27999999999974,0.9251590823356954
27.299999999999738,0.9960041488949755
27.319999999999737,1.051553387591947
27.339999999999737,1.0908772523052372
27.359999999999737,1.1132940408519447
27.379999999999736,1.118382406427543
27.399999999999736,1.1059898969877147
27.419999999999735,1.0762373458331411
27.439999999999735,1.0295189999950474
27.459999999999734,0.9664983390311425
27.479999999999734,0.8880996045201609
27.499999999999734,0.7954951288361879
27.519999999999733,0.6900886196120936
27.539999999999733,0.5734946225730845
27.559999999999732,0.4475144490525454
27.579999999999732,0.31410891443357053
27.59999999999973,0.1753682889691945
27.61999999999973,0.03347991196593445
27.63999999999973,-0.10930603671911288
27.65999999999973,-0.25071207830986336
27.67999999999973,-0.38846973275281893
27.69999999999973,-0.520355996303861
27.71999999999973,-0.6442294131054596
27.73999999999973,-0.7580651542612257
27.759999999999728,-0.8599885268836888
27.779999999999728,-0.9483063540633937
27.799999999999727,-1.0215356945289147
27.819999999999727,-1.0784294076260919
27.839999999999726,-1.1179981146748792
27.859999999999726,-1.1395281611512702
27.879999999999725,-1.1425952447347225
27.899999999999725,-1.1270734411720378
27.919999999999725,-1.0931394321325452
27.939999999999724,-1.041271815656531
27.959999999999724,-0.9722454592317475
27.979999999999723,-0.8871209367039906
27.999999999999723,-0.7872291718194647
28.019999999999722,-0.6741514918629351
28.039999999999722,-0.5496953732414737
28.05999999999972,-0.41586623563352537
28.07999999999972,-0.2748357111725828
28.09999999999972,-0.1289068788298854
28.11999999999972,0.019522989461536033
28.13999999999972,0.16800157638775207
28.15999999999972,0.3140619272732783
28.17999999999972,0.4552634566500896
28.19999999999972,0.5892328735837254
28.219999999999718,0.71370433924625
28.239999999999718,0.826558174972065
28.259999999999717,0.925857455334757
28.279999999999717,1.0098818485413399
28.299999999999716,1.0771581053512633
28.319999999999716,1.1264866473025585
28.339999999999716,1.1569637645804618
28.359999999999715,1.1679990025314777
28.379999999999715,1.15932739257423
28.399999999999714,1.1310162668969919
28.419999999999714,1.083466485534426
28.439999999999714,1.0174079977376063
28.459999999999713,0.9338897554533839
28.479999999999713,0.8342640936030798
28.499999999999712,0.7201657880439913
28.519999999999712,0.5934860959446389
28.53999999999971,0.456342173150451
28.55999999999971,0.3110423473509797
28.57999999999971,0.1600478029411203
28.59999999999971,0.005931301955254193
28.61999999999971,-0.1486663759693921
28.63999999999971,-0.30108154414191474
28.65999999999971,-0.4486735039837462
28.67999999999971,-0.5888704363394037
28.699999999999708,-0.7192144913273391
28.719999999999708,-0.8374052837972233
28.739999999999707,-0.9413410200526595
28.759999999999707,-1.029156513894709
28.779999999999706,-1.0992573958738108
28.799999999999706,-1.1503498782957802
28.819999999999705,-1.1814655091694426
28.839999999999705,-1.1919804298351138
28.859999999999705,-1.1816287421955158
28.879999999999704,-1.1505096908108177
28.899999999999704,-1.0990884709754465
28.919999999999703,-1.0281905844835262
28.939999999999703,-0.9389897782148102
28.959999999999702,-0.832989714956818
28.979999999999702,-0.7119996389959493
28.9999999999997,-0.5781044089241438
29.0199999999997,-0.43362937480729663
29.0399999999997,-0.2811006743936288
29.0599999999997,-0.12320161155485627
29.0799999999997,0.037274142073521296
29.0999999999997,0.19747171580758804
29.1199999999997,0.3545257207147427
29.1399999999997,0.5056115471852346
29.159999999999698,0.6479963625920335
29.179999999999698,0.7790888872656306
29.199999999999697,0.8964870385311836
29.219999999999697,0.9980225607176344
29.239999999999696,1.0818018035793546
29.259999999999696,1.1462418718976184
29.279999999999696,1.1901014442795814
29.299999999999695,1.2125056481868488
29.319999999999695,1.2129644795768286
29.339999999999694,1.1913843675481068
29.359999999999694,1.1480726051469297
29.379999999999693,1.0837344949232168
29.399999999999693,0.9994631896740166
29.419999999999693,0.8967223427155727
29.439999999999692,0.7773218155412991
29.45999999999969,0.6433868213820092
29.47999999999969,0.4973210085278316
29.49999999999969,0.34176410490052583
29.51999999999969,0.17954485299059703
29.53999999999969,0.013630059749326755
29.55999999999969,-0.15292933259407418
29.57999999999969,-0.31705418325400625
29.59999999999969,-0.4756940773116518
29.61999999999969,-0.6258841881101089
29.639999999999688,-0.7648010172342699
29.659999999999688,-0.8898159607351375
29.679999999999687,-0.9985456791207322
29.699999999999687,-1.0888982970536232
29.719999999999686,-1.1591145260330942
29.739999999999686,-1.207802888597358
29.759999999999685,-1.233968324403377
29.779999999999685,-1.237033575237283
29.799999999999685,-1.2168528755789554
29.819999999999684,-1.1737176155158724
29.839999999999684,-1.108353791061797
29.859999999999683,-1.0219112105813062
29.879999999999683,-0.9159445822015952
29.899999999999682,-0.7923867628667306
29.919999999999682,-0.6535146020764001
29.93999999999968,-0.5019079593890502
29.95999999999968,-0.34040261157349366
29.97999999999968,-0.17203789010970671
29.99999999999968,-2.7668273107641565e-12
30.01999999999968,0.172437935738757
30.03999999999968,0.3419779871354245
30.05999999999968,0.5053605110955015
30.07999999999968,0.6594270234960309
30.099999999999678,0.8011816358329852
30.119999999999678,0.9278498570966693
30.139999999999677,1.036933599249998
30.159999999999677,1.1262612854119296
30.179999999999676,1.1940320427179956
30.199999999999676,1.2388530655360537
30.219999999999676,1.259769357528306
30.239999999999675,1.256285200834157
30.259999999999675,1.2283768549058522
30.279999999999674,1.1764961534378358
30.299999999999674,1.101564842299123
30.319999999999673,1.0049596810959711
30.339999999999673,0.8884885124971633
30.359999999999673,0.754357683194813
30.379999999999672,0.605131374778682
30.39999999999967,0.4436835683522302
30.41999999999967,0.27314352001617237
30.43999999999967,0.09683576218213108
30.45999999999967,-0.08178423489131617
30.47999999999967,-0.25919750855352536
30.49999999999967,-0.43189084830994035
30.51999999999967,-0.5964264815553203
30.53999999999967,-0.7495108190154639
30.55999999999967,-0.8880608821331915
30.579999999999668,-1.009267065923596
30.599999999999667,-1.1106509494449561
30.619999999999667,-1.1901169511818488
30.639999999999667,-1.2459967369700422
30.659999999999666,-1.2770854217326861
30.679999999999666,-1.282668760870715
30.699999999999665,-1.2625406998246713
30.719999999999665,-1.2170108378583329
30.739999999999664,-1.1469015609147442
30.759999999999664,-1.0535348045881643
30.779999999999664,-0.9387086177573639
30.799999999999663,-0.80466390602503
30.819999999999663,-0.6540419375473924
30.839999999999662,-0.489833387901395
30.859999999999662,-0.31531988123785215
30.87999999999966,-0.13400914823144464
30.89999999999966,0.05043493630998687
30.91999999999966,0.23426605507879872
30.93999999999966,0.41373141667579943
30.95999999999966,0.5851484560655082
30.97999999999966,0.7449807008747568
30.99999999999966,0.889911237704946
31.01999999999966,1.0169122452758268
31.039999999999658,1.123309125899629
31.059999999999658,1.2068378625970435
31.079999999999657,1.265694354540464
31.099999999999657,1.2985746362495951
31.119999999999656,1.3047050632583999
31.139999999999656,1.2838617454686012
31.159999999999656,1.2363787252497853
31.179999999999655,1.163144626271439
31.199999999999655,1.0655877364514925
31.219999999999654,0.9456497294256228
31.239999999999654,0.8057484685825589
31.259999999999653,0.6487305709260835
31.279999999999653,0.47781462983025313
31.299999999999653,0.2965262013316526
31.319999999999652,0.10862584340310684
31.33999999999965,-0.08196834249719853
31.35999999999965,-0.27126208711987604
31.37999999999965,-0.45526856651310543
31.39999999999965,-0.6300925076376833
31.41999999999965,-0.7920130128067414
31.43999999999965,-0.9375633376963234
31.45999999999965,-1.0636059037174515
31.47999999999965,-1.16740090870291
31.49999999999965,-1.2466670188631737
31.519999999999648,-1.2996327777389736
31.539999999999647,-1.325077551607822
31.559999999999647,-1.3223610419632805
31.579999999999647,-1.2914406301159937
31.599999999999646,-1.232876071940279
31.619999999999646,-1.1478213271156719
31.639999999999645,-1.038003581332694
31.659999999999645,-0.9056897960408198
31.679999999999644,-0.7536413924781893
31.699999999999644,-0.5850579390059193
31.719999999999644,-0.40351095736108583
31.739999999999643,-0.21286918879814537
31.759999999999643,-0.017216860028724468
31.779999999999642,0.17923334326886406
31.799999999999642,0.3722307548849178
31.81999999999964,0.5575787237569775
31.83999999999964,0.7312261390350593
31.85999999999964,0.8893564862846525
31.87999999999964,1.0284724697368828
31.89999999999964,1.145474312048869
31.91999999999964,1.2377299618771271
31.93999999999964,1.3031355986345958
31.95999999999964,1.340165020125929
31.979999999999638,1.3479067284991797
31.999999999999638,1.3260877884843967
32.01999999999964,1.275083813876636
32.03999999999964,1.1959147377334136
32.05999999999963,1.0902263323889239
32.079999999999636,0.9602577603989648
32.09999999999964,0.8087957499799995
32.119999999999635,0.6391162914160955
32.13999999999963,0.45491503740899747
32.159999999999634,0.2602278538393094
32.17999999999964,0.05934320170839659
32.19999999999963,-0.14329176947362104
32.21999999999963,-0.343169376814893
32.23999999999963,-0.5358216516932826
32.259999999999636,-0.7169204549771654
32.27999999999963,-0.8823752150457728
32.29999999999963,-1.0284260742534428
32.31999999999963,-1.151730310089172
32.339999999999634,-1.2494400269164145
32.35999999999963,-1.3192692905400507
32.379999999999626,-1.3595490975478965
32.39999999999963,-1.3692688300047886
32.41999999999963,-1.3481031382641837
32.43999999999963,-1.2964235142071188
32.459999999999624,-1.2152941572047236
32.47999999999963,-1.1064520880498823
32.49999999999963,-0.9722718241342134
32.51999999999963,-0.8157152841495563
32.53999999999962,-0.6402679344142761
32.559999999999626,-0.4498625135486286
32.57999999999963,-0.24879196996571695
32.599999999999625,-0.04161351032069782
32.61999999999962,0.16695411981324526
32.639999999999624,0.3721378248667398
32.65999999999963,0.5692193935836803
32.67999999999962,0.7536442829136744
32.69999999999962,0.9211274408712539
32.71999999999962,1.0677537007871247
32.739999999999625,1.1900703800123655
32.75999999999962,1.285169872764661
32.77999999999962,1.350760236500321
32.79999999999962,1.3852220297606963
32.819999999999624,1.3876499614725442
32.83999999999962,1.3578782506921443
32.859999999999616,1.2964889643262874
32.87999999999962,1.2048029902010617
32.89999999999962,1.084853705124898
32.91999999999962,0.9393438030369301
32.939999999999614,0.7715861474689265
32.95999999999962,0.5854298959229288
32.97999999999962,0.38517350215433965
32.999999999999616,0.1754665269941196
33.01999999999961,-0.038797528839964686
33.039999999999615,-0.2525949227120253
33.05999999999962,-0.4608892729924452
33.079999999999615,-0.6587503226264039
33.09999999999961,-0.8414710642244994
33.119999999999614,-1.0046804385226813
33.13999999999962,-1.1444488953737166
33.15999999999961,-1.2573842490874656
33.17999999999961,-1.340715465351901
33.19999999999961,-1.3923622810281406
33.219999999999615,-1.4109888752479003
33.23999999999961,-1.3960401735238372
33.25999999999961,-1.3477597678912923
33.27999999999961,-1.2671888662815953
33.29999999999961,-1.1561461334105179
33.31999999999961,-1.0171887428871027
33.339999999999606,-0.8535554150962434
33.35999999999961,-0.6690926566847855
33.37999999999961,-0.4681658343594867
33.39999999999961,-0.25555709780779445
33.419999999999604,-0.036352504191060675
33.43999999999961,0.18417901889281615
33.45999999999961,0.4007120114032194
33.479999999999606,0.607993102504612
33.4999999999996,0.8009688134356122
33.519999999999605,0.9749094286030718
33.53999999999961,1.125525887083908
33.559999999999604,1.249076786992659
33.5799999999996,1.342462808041323
33.5999999999996,1.4033061387710548
33.61999999999961,1.4300128383231416
33.6399999999996,1.4218164605822319
33.6599999999996,1.3788017119590863
33.6799999999996,1.3019073926361773
33.699999999999605,1.1929083734161725
33.7199999999996,1.0543768742909914
33.7399999999996,0.8896238239369104
33.7599999999996,0.7026215788335437
33.7799999999996,0.4979097540665603
33.7999999999996,0.28048635304383523
33.819999999999595,0.05568676905707693
33.8399999999996,-0.17094644233617162
33.8599999999996,-0.3937998636087628
33.8799999999996,-0.6073282499820617
33.899999999999594,-0.8061928597882246
33.9199999999996,-0.9853956259271478
33.9399999999996,-1.1404057842746655
33.959999999999596,-1.267275730775598
33.97999999999959,-1.3627431174373474
33.999999999999595,-1.4243165135557037
34.0199999999996,-1.4503423452475195
34.039999999999594,-1.4400512748653576
34.05999999999959,-1.3935826815752925
34.07999999999959,-1.3119864433033153
34.099999999999596,-1.197201785258192
34.11999999999959,-1.0520135373402266
34.13999999999959,-0.879986717474684
34.15999999999959,-0.6853809156590416
34.179999999999595,-0.47304647990967946
34.19999999999959,-0.24830498657365666
34.21999999999959,-0.01681690083058119
34.23999999999959,0.21556031284640656
34.25999999999959,0.4429200958510188
34.27999999999959,0.6594569944259141
34.299999999999585,0.8596153364131662
34.31999999999959,1.0382325721300232
34.33999999999959,1.1906735659150247
34.35999999999959,1.3129523214614556
34.37999999999958,1.4018379131164211
34.39999999999959,1.4549417705597831
34.41999999999959,1.47078391704382
34.439999999999586,1.448836280926188
34.45999999999958,1.389541773941762
34.479999999999585,1.2943084433411791
34.49999999999959,1.1654786432571251
34.519999999999584,1.0062738171829668
34.53999999999958,0.8207161215714406
34.55999999999958,0.6135287335887251
34.579999999999586,0.3900172577291419
34.59999999999958,0.1559351609067293
34.61999999999958,-0.08266339032133742
34.63999999999958,-0.3195795560406136
34.659999999999584,-0.5486307114752778
34.67999999999958,-0.7638120313382619
34.69999999999958,-0.9594545460502626
34.71999999999958,-1.1303754984442762
34.73999999999958,-1.2720169923329956
34.75999999999958,-1.3805691942726814
34.779999999999575,-1.4530747211655137
34.79999999999958,-1.4875113104189448
34.81999999999958,-1.4828504150657027
34.83999999999958,-1.4390899800753765
34.85999999999957,-1.357260322613191
34.879999999999576,-1.2394027411721125
34.89999999999958,-1.088521198100013
34.919999999999575,-0.9085081381400679
34.93999999999957,-0.704046203067869
34.959999999999575,-0.48048826051162846
34.97999999999958,-0.24371876555300934
34.999999999999574,-5.240862523707692e-12
35.01999999999957,0.24419282860764138
35.03999999999957,0.48234331114995194
35.059999999999576,0.708067843764253
35.07999999999957,0.9152872736357609
35.09999999999957,1.0983915597230123
35.11999999999957,1.2523929691134899
35.139999999999574,1.3730635963643247
35.15999999999957,1.457053376264332
35.179999999999566,1.5019852509367815
35.19999999999957,1.5065247380852747
35.21999999999957,1.4704218137366682
35.23999999999957,1.3945237529262602
35.259999999999565,1.2807583463396486
35.27999999999957,1.1320877094438222
35.29999999999957,0.9524337016649731
35.31999999999957,0.7465767549100777
35.33999999999956,0.5200306516392593
35.359999999999566,0.2788964720676148
35.37999999999957,0.029699528609913695
35.399999999999565,-0.22078639394201818
35.41999999999956,-0.4657227866711051
35.439999999999564,-0.6983931849933896
35.45999999999957,-0.9123878603672868
35.47999999999956,-1.101781348297824
35.49999999999956,-1.2612978757655686
35.51999999999956,-1.386460038880749
35.539999999999566,-1.4737165004725175
35.55999999999956,-1.5205450174310908
35.57999999999956,-1.5255277553887276
35.59999999999956,-1.488396587064198
35.619999999999564,-1.410046880872187
35.63999999999956,-1.2925191465446042
35.659999999999556,-1.138948791191094
35.67999999999956,-0.9534851280680995
35.69999999999956,-0.7411816465846576
35.71999999999956,-0.507860371313567
35.739999999999554,-0.25995388657647345
35.75999999999956,-0.004329259761696628
35.77999999999956,0.2519013585282781
35.79999999999956,0.5015782626900344
35.81999999999955,0.7376943785766407
35.839999999999556,0.9535925135414843
35.85999999999956,1.1431541068923157
35.879999999999555,1.300974105988495
35.89999999999955,1.4225169350442313
35.919999999999554,1.504249011074211
35.93999999999956,1.5437438822305116
35.95999999999955,1.5397568019913095
35.97999999999955,1.4922663887102678
35.99999999999955,1.4024819313248065
36.019999999999555,1.2728158635300324
36.03999999999955,1.1068219136894217
36.05999999999955,0.9091004183970857
36.07999999999955,0.6851732359334664
36.099999999999554,0.4413315844221717
36.11999999999955,0.1844609322403742
36.139999999999546,-0.0781522387949584
36.15999999999955,-0.3390264148437874
36.17999999999955,-0.5906979798325688
36.19999999999955,-0.8259350458295333
36.219999999999544,-1.0379460557986186
36.23999999999955,-1.2205771255071152
36.25999999999955,-1.3684923610103357
36.279999999999546,-1.477331826663748
36.29999999999954,-1.5438424352791675
36.319999999999546,-1.5659777713966831
36.33999999999955,-1.5429637209157154
36.359999999999545,-1.4753277419200819
36.37999999999954,-1.3648906456809304
36.399999999999544,-1.2147208343113758
36.41999999999955,-1.0290520315369864
36.43999999999954,-0.8131666139438807
36.45999999999954,-0.5732476704442165
36.47999999999954,-0.3162038572045917
36.499999999999545,-0.04947194555418121
36.51999999999954,0.21919734409390512
36.53999999999954,0.48196409040578647
36.55999999999954,0.7311280048170629
36.57999999999954,0.9593546764253843
36.59999999999954,1.159892570215839
36.619999999999536,1.3267743331222561
36.63999999999954,1.4549963666910974
36.65999999999954,1.5406712114900911
36.67999999999954,1.5811480416427126
36.699999999999534,1.5750974675779177
36.71999999999954,1.5225578662924042
36.73999999999954,1.4249415722348864
36.759999999999536,1.2850004363458656
36.77999999999953,1.1067514616272163
36.799999999999535,0.8953644154709672
36.81999999999954,0.6570144662676721
36.839999999999534,0.3987039598592617
36.85999999999953,0.12805840744875607
36.879999999999534,-0.14689742918348245
36.89999999999954,-0.41797682280480025
36.91999999999953,-0.6770747463137897
36.93999999999953,-0.9164106761611883
36.95999999999953,-1.128763252907151
36.979999999999535,-1.3076896983420738
36.99999999999953,-1.4477232839428256
37.01999999999953,-1.5445427464936576
37.03999999999953,-1.5951083376483133
37.05999999999953,-1.5977601532928822
37.07999999999953,-1.552275488675025
37.099999999999525,-1.4598831746954524
37.11999999999953,-1.3232341340985185
37.13999999999953,-1.146328715465279
37.15999999999953,-0.9344026782641437
37.179999999999524,-0.693774973738786
37.19999999999953,-0.4316616549466137
37.21999999999953,-0.15596131768068905
37.239999999999526,0.12498161158979688
37.25999999999952,0.4026286938561235
37.279999999999525,0.6685068321128117
37.29999999999953,0.9144672961622495
37.319999999999524,1.1329364929370624
37.33999999999952,1.3171507412958845
37.35999999999952,1.4613677332804649
37.37999999999953,1.561048015828572
37.39999999999952,1.6130006903728202
37.41999999999952,1.6154885783584338
37.43999999999952,1.5682893081396942
37.459999999999525,1.4727101074131088
37.47999999999952,1.3315554955772415
37.49999999999952,1.149048519433005
37.51999999999952,0.9307076189877008
37.53999999999952,0.6831826029721605
37.55999999999952,0.4140545122215175
37.579999999999515,0.13160531190585503
37.59999999999952,-0.15543565694908346
37.61999999999952,-0.43816075286521655
37.63999999999952,-0.7077603719079413
37.65999999999951,-0.9557979859298713
37.67999999999952,-1.174475285323686
37.69999999999952,-1.3568790656994332
37.719999999999516,-1.497201997178265
37.73999999999951,-1.5909301655992183
37.759999999999515,-1.634991256060926
37.77999999999952,-1.6278584325157606
37.799999999999514,-1.5696063175687849
37.81999999999951,-1.4619169534757102
37.83999999999951,-1.3080351833713495
37.859999999999516,-1.1126744826745756
37.87999999999951,-0.8818758444635557
37.89999999999951,-0.6228238294030191
37.91999999999951,-0.34362528205373893
37.939999999999515,-0.053057445720599984
37.95999999999951,0.239706763420852
37.97999999999951,0.5253877702257859
37.99999999999951,0.794893562261487
38.01999999999951,1.0396097955453767
38.03999999999951,1.2516765120513589
38.059999999999505,1.4242425445967042
38.07999999999951,1.5516893211639537
38.09999999999951,1.6298166884490886
38.11999999999951,1.655984527294001
38.1399999999995,1.629205296326884
38.159999999999506,1.5501841730770896
38.17999999999951,1.4213051165913217
38.199999999999505,1.246562900208822
38.2199999999995,1.0314429028378365
38.239999999999505,0.7827521458552381
38.25999999999951,0.5084066653322509
38.279999999999504,0.21718176282123905
38.2999999999995,-0.08156706621831353
38.3199999999995,-0.37820371193340097
38.339999999999506,-0.6631219837883134
38.3599999999995,-0.9270571083940123
38.3799999999995,-1.1613880854543441
38.3999999999995,-1.3584210075306222
38.419999999999504,-1.511643985261206
38.4399999999995,-1.6159451658276687
38.459999999999496,-1.6677864645211242
38.4799999999995,-1.6653270132876619
38.4999999999995,-1.6084919235109747
38.5199999999995,-1.4989837130640724
38.539999999999495,-1.340235604041976
38.5599999999995,-1.1373077977284658
38.5799999999995,-0.896729715262943
38.5999999999995,-0.6262929940349468
38.61999999999949,-0.3348016908489931
38.639999999999496,-0.03178760709092899
38.6599999999995,0.27280013193742975
38.679999999999495,0.5689211845165867
38.69999999999949,0.8467751248588195
38.719999999999494,1.0971266826048216
38.7399999999995,1.311614275466196
38.75999999999949,1.4830314845059906
38.77999999999949,1.6055719332484046
38.79999999999949,1.675029168390614
38.819999999999496,1.6889445669476308
38.83999999999949,1.6466979676818807
38.85999999999949,1.549537590413699
38.87999999999949,1.4005478049738125
38.899999999999494,1.2045553766994035
38.91999999999949,0.9679768790438995
38.939999999999486,0.6986119568704182
38.95999999999949,0.4053889786997699
38.97999999999949,0.09807126881170436
38.99999999999949,-0.2130664970514104
39.019999999999484,-0.5175810651956083
39.03999999999949,-0.8052111452684988
39.05999999999949,-1.06622396129219
39.07999999999949,-1.2917460914287446
39.09999999999948,-1.4740673090441982
39.119999999999486,-1.6069069572189967
39.13999999999949,-1.685633570735933
39.159999999999485,-1.7074299674431852
39.17999999999948,-1.6713978169582226
39.199999999999484,-1.578597701126382
39.21999999999949,-1.432022841495148
39.23999999999948,-1.2365069122922197
39.25999999999948,-0.9985686073494097
39.27999999999948,-0.7261978093366153
39.299999999999486,-0.4285902443008659
39.31999999999948,-0.11583932270979257
39.33999999999948,0.20140459457469806
39.35999999999948,0.5122960663693015
39.379999999999484,0.8061653190227882
39.39999999999948,1.0728852080236806
39.419999999999476,1.3032217553288654
39.43999999999948,1.4891560857111057
39.45999999999948,1.6241664707331909
39.47999999999948,1.7034604720704354
39.499999999999474,1.724148816631126
39.51999999999948,1.6853545812193318
39.53999999999948,1.5882534501418288
39.55999999999948,1.4360431619071614
39.57999999999947,1.2338427010838515
39.599999999999476,0.9885242346174506
39.61999999999948,0.7084831535152692
39.639999999999475,0.4033537777300761
39.65999999999947,0.08368023604226783
39.679999999999474,-0.23944632693146706
39.69999999999948,-0.554771798318369
39.71999999999947,-0.8512711370242562
39.73999999999947,-1.118534756425585
39.75999999999947,-1.347135686757612
39.779999999999475,-1.5289645173957487
39.79999999999947,-1.6575201438519311
39.81999999999947,-1.7281457991330695
39.83999999999947,-1.738201687366316
39.859999999999474,-1.687167698481549
39.87999999999947,-1.5766720933667127
39.899999999999466,-1.4104446267501212
39.91999999999947,-1.1941952307379824
39.93999999999947,-0.9354220222942493
39.95999999999947,-0.6431549293363433
39.979999999999464,-0.32764356168075653
