t,DXL_PWM,DXL_Current,DXL_Velocity,DXL_Position,DXL_Input_Voltage,U,position_reference,velocity_from_meas,velocity_from_ref,acc_from_velocity_from_meas,acc_from_meas,acc_from_ref,torque_hip_from_ref,position_from_julia_hip
0.0,0.00791,0.0,0.0,0.00041887902047865744,11.9,0.094129,0.0,0.07679448708774739,0.8363476237601241,3.119776037939902,0.0,-0.052783811876186415,0.0,-6.53144959545255e-16
0.08,0.31753,0.10491,0.0,0.006562437987498448,11.9,3.778607,0.06690780990080993,0.3263765701229396,0.8321249188100291,4.079707126536771,3.1474831398152743,-0.1053011191825437,0.04453567780462122,0.0668769005010374
0.16,0.42827,0.11567,0.5035973023704439,0.05263913024014899,11.8,5.053586,0.13313998700960467,0.7295476273336309,0.8194994446909171,3.119776037939861,5.245805233025457,-0.20953891123988466,0.0884172538387742,0.13302392830049542
0.24,0.39663000000000004,0.05111,0.839328837284073,0.12329005836087936,11.8,4.6802340000000004,0.1980277210513566,0.8255407361933172,0.7985986930116477,0.23998277214921782,1.4988014951501318,-0.311660786488015,0.13101653721900328,0.1977930769922423
0.32,0.41245000000000004,0.10222,0.7434055415944647,0.18472564803107971,11.9,4.908155000000001,0.26091577789146825,0.7679448708775056,0.7696337188528346,-0.4799655442984392,-0.5995205980600513,-0.41063552169899076,0.17175493934078143,0.2605579030251712
0.4,0.40454,0.11567,0.7434055415944647,0.2461612377012803,11.9,4.814026,0.3211691160678102,0.748746249105567,0.7328970095398091,-0.4799655442984543,-0.14988014951501238,-0.5054636733581077,0.21012298023220927,0.3207131033933612
0.48,0.39663000000000004,0.09684000000000001,0.7194247176720626,0.3045250478879704,11.8,4.6802340000000004,0.3781792994178377,0.691150383789753,0.6887595311155374,-0.539961237335735,-0.5995205980600531,-0.595187670010521,0.24569411444238803,0.3776740142136399
0.56,0.39663000000000004,0.12912,0.6474822459048563,0.35674529910764075,11.9,4.7198970000000005,0.4313706410462962,0.6623524511318495,0.6376669823381258,-0.2999784651865056,-0.44964044854503893,-0.678901481785271,0.2781319992161037,0.43087769411236837
0.64,0.3729,0.11028999999999999,0.6474822459048563,0.4105014400690663,11.9,4.4375100000000005,0.48020601659193785,0.6431538293599122,0.580135294029894,-0.5399612373357652,-0.29976029903002566,-0.755759769454218,0.30719100861736615,0.47978658140725045
0.72,0.34125999999999995,0.12104999999999999,0.5995205980600522,0.45964991180522663,11.9,4.060994,0.5241922880910792,0.5759586531581271,0.516745419225451,-0.839939702522277,-0.8992808970900765,-0.8249864206387931,0.33271045386599274,0.5238948423943378
0.8,0.34125999999999995,0.14795,0.5035973023704439,0.5026548245743667,11.9,4.060994,0.56288528366801,0.5087634769563478,0.4481374667276872,-0.899935395559559,-0.8992808970900779,-0.8858823869664385,0.3546035280758852,0.5627367607142849
0.88,0.30171,0.13719,0.45563565452563964,0.5410520681182422,11.9,3.590349,0.5958942827675091,0.43196898986859766,0.3750042373108209,-0.839939702522289,-0.7494007475750659,-0.9378327430373652,0.37284240139678626,0.5958960575303606
0.96,0.27798,0.14526,0.3836931827584334,0.5717698629533423,11.9,3.3079620000000003,0.6228859616377413,0.3743731245527817,0.29808422784170885,-0.8399397025222686,-0.749400747575065,-0.9803128959203375,0.3874411262095618,0.6230149338777794
1.04,0.2373,0.12912,0.3357315349136292,0.6009517680466874,11.9,2.8238700000000003,0.6435877592221826,0.29757863746503466,0.21815417396356684,-1.1399181677087884,-0.8992808970900772,-1.012893882474288,0.39843807336165404,0.6438005532114245
1.12,0.20565999999999998,0.15333,0.2398082392240209,0.6193824449477479,11.9,2.447354,0.657790629471912,0.1919862177193754,0.13602120664582262,-1.0799224746715017,-1.1990411961201048,-1.035246701003515,0.40587953111110175,0.658024698917282
1.2,0.18193,0.16947,0.14388494353441253,0.6316695628817874,11.9,2.1649670000000003,0.6653511522855143,0.12479104151759435,0.05251470180300455,-0.8999353955595538,-0.8992808970900796,-1.0471456335056701,0.4098058913674835,0.6655475514245176
1.28,0.15029,0.17754,0.09592329568960835,0.6393490115905629,11.9,1.7884510000000002,0.6661929817603928,0.04799655442984685,-0.03152209471508449,-0.779944009484964,-0.8992808970900775,-1.048470524964489,0.4102415584523888,0.6663096497231649
1.36,0.11865,0.14526,0.0,0.6393490115905629,11.9,1.4119350000000002,0.6603076171311008,0.0,-0.11524058219131383,-0.4199698512611702,-0.5995205980600509,-1.0392079966710048,0.40718937527044996,0.6603268184627646
1.44,0.05537,0.06456,0.0,0.6393490115905629,11.9,0.658903,0.6477544886097826,-0.019198621771940427,-0.1977953741824452,-0.7199483164476734,0.0,-1.0194515813213294,0.40062999405165106,0.647686044457026
1.52,-0.04068000000000001,0.029589999999999998,0.0,0.6362772321070524,11.9,-0.48409200000000013,0.6286603572619096,-0.11519173063162791,-0.27835283520272647,-1.4398966328953005,-1.0491610466050905,-0.989400778526702,0.3905262393690453,0.628540125092171
1.6,-0.08023,0.029589999999999998,-0.1678657674568146,0.6209183346895024,11.9,-0.954737,0.6032180349773463,-0.2495820830351887,-0.35609949874671765,-1.439896632895299,-1.7985617941801568,-0.9493590402731433,0.3768321305047393,0.6031016973739561
1.68,-0.12769,0.01614,-0.28776988706882506,0.5963440988214224,11.9,-1.519511,0.5716844374624348,-0.34557519189487573,-0.4302502816464293,-1.0799224746715002,-1.199041196120106,-0.8997307066735938,0.3595058583715944,0.5716373387202018
1.76,-0.15933,0.01345,-0.3597123588360313,0.5656263039863223,11.9,-1.8960270000000001,0.5343779899139176,-0.42236967898262856,-0.5000564118144926,-0.9599310885968957,-0.8992808970900772,-0.8410169229552529,0.33852566313895177,0.5344624819848226
1.84,-0.19097,0.01345,-0.43165483060323756,0.5287649501842018,11.9,-2.272543,0.4916754115721159,-0.49916416607037917,-0.5648129893192699,-0.8399397025222521,-0.8992808970900787,-0.7738105789120433,0.31390725393559904,0.4919378357438969
1.92,-0.2147,0.00807,-0.5035973023704439,0.4857600374150617,11.9,-2.55493,0.44400791162283443,-0.5567600313861889,-0.6238661044404195,-0.6599526234103399,-0.5995205980600531,-0.6987903219235907,0.2857211810943329,0.4444677717976276
2.0,-0.24634,0.0,-0.527578126292846,0.4396833451624116,11.9,-2.931446,0.3918568348616488,-0.6047565858160335,-0.6766194408270443,-0.5399612373357638,-0.5995205980600513,-0.6167137039970951,0.2541084493199976,0.3925006986998841
2.08,-0.2712,0.0,-0.5995205980600522,0.38899898368449626,11.9,-3.22728,0.33574880109050725,-0.6431538293599113,-0.7225402970799548,-0.5999569303730716,-0.7494007475750641,-0.5284095320328337,0.2192926812112807,0.3365308264504582
2.16,-0.30284,-0.00807,-0.6474822459048563,0.3367787324648257,11.9,-3.603796,0.27625038732885593,-0.700749694675725,-0.7611649659522977,-0.6599526234103648,-0.5995205980600513,-0.43476949856025104,0.18158733005783417,0.2771000880989809
2.24,-0.33448,-0.01614,-0.6954438937496605,0.27687903253638013,11.9,-3.980312,0.2139624065381395,-0.7487462491055696,-0.792103416849595,-0.4799655442984365,-0.599520598060054,-0.3367391774571278,0.1413968062819804,0.2147985439073459
2.32,-0.34239,-0.02152,-0.7434055415944647,0.21697933260793478,11.9,-4.074441,0.14951384063292095,-0.7775441817634746,-0.8150432343454379,-0.35997415822380674,-0.4496404485450407,-0.23530847557657975,0.09921090607154728,0.15026158461643468
2.4,-0.35821,-0.03228,-0.7673863655168668,0.15247196345422442,11.9,-4.262699,0.08355548904286969,-0.8063421144213787,-0.8297527729418477,-0.1799870791119007,-0.14988014951501238,-0.13150163670135573,0.05559256889290473,0.08416280184516173
2.48,-0.36612,-0.03497,-0.7673863655168668,0.08796459430051407,11.9,-4.356828,0.016753396962225206,-0.8063421144213788,-0.8360834962176549,-0.059995693037314446,0.0,-0.02636689876485132,0.011159673294881108,0.01720243633298533
2.56,-0.38194,-0.048420000000000005,-0.7673863655168668,0.023457225146803706,11.8,-4.506892000000001,-0.05021787035195519,-0.8159414253073489,-0.8339714767442239,-0.11999138607460935,-0.14988014951501416,0.07903409121992055,-0.03343777738858855,-0.0499074439511374
2.64,-0.38985,-0.061869999999999994,-0.791367189439269,-0.04258603374866188,11.9,-4.639215,-0.11668203931685073,-0.8255407361933162,-0.8234380416224676,0.11999138607462623,-0.29976029903002566,0.1836369976357206,-0.07754321338507689,-0.11645887397516969
2.72,-0.38194,-0.059179999999999996,-0.815348013361671,-0.10862929264412702,11.9,-4.545086,-0.18196795701155014,-0.7967428035354087,-0.8045895571225086,0.3599741582237961,0.14988014951501416,0.28638554388617976,-0.12051962192761341,-0.18176248255574828
2.8000000000000003,-0.38194,-0.06725,-0.7673863655168668,-0.17006488231432737,11.9,-4.545086,-0.2454163684564522,-0.7679448708775088,-0.7776163546006787,0.23998277214919828,0.44964044854503893,0.3862421786409138,-0.16177399181920726,-0.24515840737051708
2.88,-0.38194,-0.08070000000000001,-0.7434055415944647,-0.23150047198452817,11.9,-4.545086,-0.3063865737476585,-0.758345559991537,-0.7427908085399624,0.23998277214925956,0.29976029903002654,0.4821985529935011,-0.20077802774570533,-0.3060225664255259
2.96,-0.38194,-0.08339,-0.7194247176720626,-0.29140017191297307,11.9,-4.545086,-0.364262897822846,-0.7295476273336274,-0.7004645861217187,0.47996554429844096,0.29976029903002654,0.5732857027346627,-0.23708350443027454,-0.36376855318769624
3.04,-0.35821,-0.09146,-0.6954438937496605,-0.34822809235790864,11.9,-4.262699,-0.41846090752713355,-0.6815510729037864,-0.6510650961024163,0.599956930373041,0.5995205980600522,0.6585838329198852,-0.2703312194717804,-0.41784655308554497
3.12,-0.3503,-0.09953000000000001,-0.6235014219824542,-0.40044834357757897,11.9,-4.16857,-0.4684333131992327,-0.6335545184739408,-0.5950911728545369,0.5999569303730574,0.7494007475750641,0.7372316059275126,-0.30025317729722806,-0.4677412566314702
3.2,-0.32657,-0.10491,-0.5755397741376501,-0.4495968153137393,11.9,-3.8861830000000004,-0.5136754951838596,-0.5855579640440971,-0.5331080391540142,0.7199483164476432,0.5995205980600509,0.808434839216789,-0.3266683070199856,-0.5129706650842362
3.2800000000000002,-0.30284,-0.11028999999999999,-0.527578126292846,-0.4941376178246346,11.9,-3.603796,-0.553730599463875,-0.5183627878423178,-0.46574159857985054,0.8399397025222699,0.7494007475750672,0.8714745249561942,-0.349472605430753,-0.553087088311969
3.36,-0.29493,-0.12104999999999999,-0.45563565452563964,-0.5325348613685099,11.9,-3.5096670000000003,-0.5881941509566355,-0.4511676116405341,-0.3936721151610234,0.8399397025222846,0.7494007475750681,0.9257140905401464,-0.36862504503155374,-0.5876808039507375
3.44,-0.26329,-0.11835999999999999,-0.4076740066808355,-0.56632443568712,11.9,-3.1331510000000002,-0.6167181378896387,-0.3839724354387526,-0.3176273440934274,0.8399397025222655,0.7494007475750646,0.9706058266774724,-0.3841308649753495,-0.616386072198947
3.52,-0.23843,-0.11567,-0.3357315349136292,-0.5939704510387104,11.9,-2.837317,-0.6390145260115839,-0.31677725923697153,-0.2383751828926277,0.9599310885968875,0.8992808970900772,1.0056964181413044,-0.3960239657956403,-0.6388886759005238
3.6,-0.19097,-0.12373999999999999,-0.263789063146423,-0.6170087971650354,11.9,-2.272543,-0.6548581671524591,-0.2303834612632505,-0.15671591719081857,1.0199267816341941,0.8992808970900776,1.030631521330815,-0.404350074355786,-0.6549339411200464
3.68,-0.16724,-0.1345,-0.1918465913792167,-0.6308318048408305,11.9,-1.990156,-0.6640890727621149,-0.15358897417550033,-0.07347413947969716,0.8999353955595609,0.8992808970900775,1.0451593424208419,-0.40915216444752606,-0.6643342376402568
3.7600000000000002,-0.12769,-0.1345,-0.11990411961201045,-0.6415830330331156,11.9,-1.519511,-0.6666140294692107,-0.0863937979737206,0.010509577596516273,0.8399397025222703,0.8992808970900799,1.049133179967445,-0.4104593464870096,-0.6669751535119706
3.84,-0.09605000000000001,-0.11567,-0.047961647844804174,-0.6446548125166256,11.9,-1.1429950000000002,-0.6624075403466723,-0.01919862177193732,0.09438716931509372,0.719948316447671,0.7494007475750676,1.0425129062940373,-0.40828010962591005,-0.6628197749290445
3.92,-0.04068000000000001,-0.061869999999999994,0.0,-0.6446548125166256,11.9,-0.48409200000000013,-0.6515120823787957,0.028797932657906422,0.17731164260356191,0.8999353955595805,0.4496404485450387,1.0253653726993068,-0.402600436965186,-0.6519107126385505
4.0,0.04746,-0.03497,0.023980823922402087,-0.6400471432913606,11.9,0.564774,-0.6340376775301024,0.12479104151759568,0.258445628946983,1.3199052468207118,0.8992808970900775,0.9978637343951287,-0.39338693691357146,-0.6343696808105882
4.08,0.0791,-0.040350000000000004,0.14388494353441253,-0.6246882458738103,11.9,0.9412900000000001,-0.6101607817472784,0.23998277214922048,0.33696984010678266,1.259909553783391,1.3489213456351166,0.9602857019910782,-0.38059475252417174,-0.6103945792023865
4.16,0.11865,-0.03228,0.2398082392240209,-0.6016498997474853,11.9,1.4119350000000002,-0.5801225031130172,0.3263765701229384,0.4120913412655556,1.0799224746714957,1.1990411961201035,0.9130107371821454,-0.36417963550240484,-0.5802542010649903
4.24,0.15029,-0.03228,0.3357315349136292,-0.5724679946541401,11.9,1.7884510000000002,-0.5442261671447894,0.4127703680966599,0.48305155805592603,0.8999353955595804,1.04916104660509,0.8565162209573529,-0.3441132151304248,-0.5442809260033815
4.32,0.18193,-0.024210000000000002,0.4076740066808355,-0.5356066408520197,11.9,2.1649670000000003,-0.5028342538240689,0.4703662334124714,0.5491339366187322,0.7199483164476432,0.7494007475750646,0.7913726330228124,-0.3204001740309821,-0.5028620605858821
4.4,0.21356999999999998,-0.01883,0.45563565452563964,-0.4972093973081446,11.9,2.541483,-0.4563647372857922,0.5279620987282829,0.6096711793395762,0.7799440094849586,0.749400747575065,0.7182377911171125,-0.2930957901711141,-0.45643080531157665
4.48,0.25425000000000003,-0.00538,0.527578126292846,-0.4511327050554943,11.9,3.0255750000000003,-0.40528686512973666,0.5951572749300649,0.6640519831974703,0.7199483164476903,0.7494007475750646,0.6378502083899513,-0.26232215184529606,-0.4054580440363733
4.5600000000000005,0.27798,-0.00538,0.5755397741376501,-0.4019842333193342,11.9,3.3079620000000003,-0.3501164199741969,0.6431538293599135,0.7117272126819685,0.5999569303730987,0.7494007475750695,0.5510216359215079,-0.2282813347644549,-0.35044613358021065
4.64,0.30962,0.0,0.6474822459048563,-0.34822809235790864,11.9,3.6844780000000004,-0.2914105111006222,0.6911503837897601,0.752215444944911,0.5399612373357154,0.5995205980600575,0.4586288656876434,-0.19126397621656877,-0.29192550974717624
4.72,0.32544000000000006,0.01345,0.6714630698272585,-0.29140017191297307,11.9,3.872736000000001,-0.2297619487830117,0.7295476273336274,0.785107831191991,0.47996554429838856,0.44964044854503893,0.3616048767442983,-0.15165200328488557,-0.2304542136663957
4.8,0.34917000000000004,0.029589999999999998,0.7194247176720626,-0.23150047198452817,11.9,4.155123000000001,-0.16579325810990356,0.7679448708775023,0.8100722252239988,0.4199698512611487,0.44964044854503893,0.26092941403664316,-0.10991475972809196,-0.16661951952441
4.88,0.36499000000000004,0.03497,0.7434055415944647,-0.1685289925725726,11.9,4.343381000000001,-0.10015039274717177,0.7967428035354114,0.8268565374378539,0.1799870791119318,0.4496404485450398,0.15761909496790416,-0.06659839142922228,-0.1010399909434048
4.96,0.38081000000000004,0.04304,0.791367189439269,-0.10402162341886223,11.9,4.531639,-0.03349621211984681,0.7967428035354115,0.8352912804188635,0.05999569303729668,0.14988014951501238,0.05271714363130986,-0.02230902946524591,-0.03436584250003736
5.04,0.39663000000000004,0.03497,0.7673863655168668,-0.04105014400690665,11.8,4.6802340000000004,0.03349621211984649,0.8063421144213788,0.8352912804188635,0.11999138607460047,0.1498801495150115,-0.05271714363130897,0.02230902946524528,0.03273882785784738
5.12,0.40454,0.059179999999999996,0.815348013361671,0.024993114888558488,11.8,4.773572000000001,0.10015039274717147,0.8159414253073476,0.8268565374378541,-0.05999569303729668,0.0,-0.15761909496790327,0.06659839142922166,0.09961558128127965
5.2,0.40454,0.06994,0.7673863655168668,0.08950048404226907,11.9,4.814026,0.16579325810990325,0.7967428035354114,0.810072225223999,-0.17998707911191403,-0.44964044854503804,-0.26092941403664405,0.10991475972809175,0.16554346558541463
5.28,0.40454,0.06994,0.7434055415944647,0.15247196345422442,11.9,4.814026,0.2297619487830114,0.7871434926494413,0.785107831191991,-0.23998277214921782,-0.29976029903002566,-0.3616048767443063,0.15165200328488537,0.22979529504394683
5.36,0.42036,0.09415,0.7194247176720626,0.21544344286617978,11.9,5.002284,0.29141051110062194,0.7583455599915364,0.7522154449449099,-0.35997415822382095,0.0,-0.4586288656876434,0.19126397621656857,0.29166313320613324
5.44,0.42036,0.1076,0.7434055415944647,0.27380725305287035,11.8,4.960248,0.3501164199741971,0.7295476273336299,0.711727212681968,-0.4199698512611434,0.0,-0.5510216359214803,0.22828133476445472,0.35047914875352915
5.5200000000000005,0.39663000000000004,0.10491,0.7194247176720626,0.3321710632395607,11.9,4.7198970000000005,0.4052868651297369,0.6911503837897535,0.6640519831974729,-0.539961237335735,-0.7494007475750655,-0.6378502083899487,0.2623221518452959,0.4056313982155318
5.6000000000000005,0.38081000000000004,0.12104999999999999,0.6235014219824542,0.384391314459231,11.9,4.531639,0.45636473728579285,0.6431538293599122,0.6096711793395762,-0.5399612373357203,-0.7494007475750624,-0.7182377911171494,0.293095790171114,0.4565725478429464
5.68,0.36499000000000004,0.12104999999999999,0.5995205980600522,0.43507567593714613,11.9,4.343381000000001,0.5028342538240687,0.6047565858160384,0.5491339366187296,-0.6599526234103696,-0.4496404485450394,-0.791372633022811,0.320400174030982,0.5028215366478628
5.76,0.34917000000000004,0.13181,0.551558950215248,0.4811523681897967,11.8,4.1202060000000005,0.5442261671447892,0.5375614096142534,0.4830515580559269,-0.8399397025222872,-0.5995205980600513,-0.8565162209573338,0.3441132151304247,0.5439598333017104
5.84,0.32544000000000006,0.13988,0.5035973023704439,0.5210855014754268,11.9,3.872736000000001,0.580122503113017,0.4703662334124723,0.412091341265556,-0.839939702522265,-0.749400747575065,-0.9130107371821508,0.3641796355024047,0.579624830420176
5.92,0.28589000000000003,0.13181,0.43165483060323756,0.5564109655357923,11.9,3.4020910000000004,0.6101607817472783,0.4031710572106908,0.33696984010678266,-0.8999353955595888,-1.0491610466050907,-0.9602857019910809,0.3805947525241717,0.6095029776805901
6.0,0.26216,0.13988,0.3357315349136292,0.5855928706291373,11.9,3.119704,0.6340376775301023,0.32637657012293797,0.258445628946983,-0.899935395559589,-0.8992808970900772,-0.997863734395126,0.39338693691357146,0.6333246871689672
6.08,0.22148,0.14526,0.28776988706882506,0.6086312167554624,11.9,2.635612,0.6515120823787955,0.25918139392115647,0.17731164260356236,-0.9599310885968764,-0.8992808970900776,-1.0253653726993015,0.402600436965186,0.6508621827883946
6.16,0.19775,0.14795,0.1918465913792167,0.6270618936565224,11.9,2.353225,0.6624075403466723,0.17278759594743764,0.09438716931509461,-1.0799224746714677,-1.0491610466050902,-1.042512906294037,0.40828010962591005,0.6619306171416196
6.24,0.16611,0.16409,0.11990411961201045,0.6362772321070524,11.9,1.976709,0.6666140294692107,0.08639379797372149,0.010509577596516273,-0.8999353955595555,-0.8992808970900774,-1.0491331799674533,0.4104593464870096,0.6663921336288223
6.32,0.13447,0.16140000000000002,0.047961647844804174,0.6408849013323179,11.9,1.6001930000000002,0.6640890727621149,0.028797932657908643,-0.07347413947969805,-0.5999569303730602,-0.7494007475750647,-1.045159342420839,0.40915216444752606,0.6641621614931713
6.4,0.08701,0.10222,0.0,0.6408849013323179,11.9,1.035419,0.654858167152459,-0.009599310885968215,-0.15671591719081812,-0.5999569303730601,-0.2997602990300258,-1.0306315213308095,0.4043500743557859,0.6552170463395514
6.48,0.00791,0.04304,0.0,0.6393490115905629,11.9,0.094129,0.639014526011584,-0.06719517620178106,-0.2383751828926277,-1.0799224746715066,-0.44964044854503876,-1.0056964181413268,0.39602396579564036,0.6396020402942376
6.5600000000000005,-0.0565,0.03228,-0.07194247176720626,0.6301336731400329,11.9,-0.67235,0.6167181378896386,-0.1823869068334094,-0.3176273440934305,-1.4398966328953446,-1.3489213456351161,-0.9706058266774751,0.38413086497534943,0.6174386161706272
6.640000000000001,-0.11187000000000001,0.02152,-0.21582741530161878,0.6101671064972174,11.9,-1.3312530000000002,0.5881941509566351,-0.29757863746503643,-0.39367211516102385,-1.259909553783399,-1.4988014951501338,-0.92571409054011,0.3686250450315539,0.5889299926141759
6.72,-0.12769,0.024210000000000002,-0.3117507109912271,0.5825210911456273,11.9,-1.519511,0.553730599463875,-0.3839724354387526,-0.4657415985798474,-0.9599310885968686,-1.0491610466050976,-0.8714745249561937,0.349472605430753,0.5543636988465495
6.8,-0.17515,0.00807,-0.3836931827584334,0.5487315168270173,11.9,-2.084285,0.5136754951838598,-0.45116761164053454,-0.5331080391540142,-0.899935395559575,-0.8992808970900779,-0.8084348392167975,0.3266683070199858,0.5141100712158665
6.88,-0.20679000000000003,0.00538,-0.45563565452563964,0.5103342732831417,11.9,-2.4608010000000005,0.4684333131992327,-0.5279620987282847,-0.5950911728545352,-0.8399397025222597,-0.8992808970900779,-0.7372316059275126,0.30025317729722806,0.46861589098113304
6.96,-0.23843,0.0,-0.527578126292846,0.46425758103049164,11.9,-2.837317,0.41846090752713405,-0.5855579640440962,-0.6510650961024163,-0.6599526234103612,-0.7494007475750646,-0.6585838329198954,0.27033121947178074,0.418393037822829
7.04,-0.26329,0.0,-0.5755397741376501,0.4166449990360863,11.9,-3.1331510000000002,0.364262897822846,-0.6335545184739426,-0.7004645861217185,-0.659952623410375,-0.5995205980600509,-0.573285702734661,0.23708350443027454,0.36400302441499244
7.12,-0.29493,-0.00269,-0.6235014219824542,0.36288885807466076,11.9,-3.5096670000000003,0.30638657374765904,-0.6911503837897564,-0.7427908085399622,-0.5399612373357243,-0.7494007475750641,-0.48219855299348513,0.2007780277457057,0.306039399058402
7.2,-0.30284,-0.00807,-0.6954438937496605,0.3060609376297252,11.9,-3.603796,0.24541636845645198,-0.7199483164476586,-0.7776163546006762,-0.419969851261107,-0.44964044854503893,-0.38624217864090493,0.16177399181920732,0.24511089777788808
7.28,-0.34239,-0.01883,-0.6954438937496605,0.2476971274430353,11.9,-4.074441,0.18196795701155072,-0.7583455599915334,-0.804589557122507,-0.4199698512611416,-0.44964044854503893,-0.28638554388624193,0.12051962192761378,0.18182847806260083
7.36,-0.34239,-0.03228,-0.7673863655168668,0.18472564803107971,11.9,-4.074441,0.11668203931685074,-0.7871434926494413,-0.8234380416224749,-0.35997415822382983,-0.44964044854503893,-0.18363699763571795,0.07754321338507689,0.11679868143744145
7.44,-0.36612,-0.040350000000000004,-0.7673863655168668,0.12175416861912458,11.9,-4.356828,0.05021787035195464,-0.8159414253073463,-0.8339714767442219,-0.23998277214923647,-0.14988014951501416,-0.07903409121986193,0.03343777738858917,0.050624168302190554
7.5200000000000005,-0.36612,-0.03766,-0.791367189439269,0.054175019981904216,11.9,-4.356828,-0.01675339696222488,-0.8255407361933191,-0.8360834962176529,0.23998277214917785,-0.14988014951501416,0.026366898764810465,-0.011159673294880887,-0.01608984658587429
7.6000000000000005,-0.38194,-0.048420000000000005,-0.791367189439269,-0.010332349171806587,11.9,-4.545086,-0.08355548904286994,-0.7775441817634778,-0.8297527729418521,0.05999569303729313,0.299760299030031,0.13150163670136372,-0.05559256889290413,-0.08272645640489854
7.68,-0.40567,-0.07532,-0.7434055415944647,-0.07023204910025171,11.8,-4.786906,-0.1495138406329206,-0.8159414253073513,-0.8150432343454349,-0.29997846518650206,-0.44964044854502827,0.23530847557660994,-0.09921090607154705,-0.14864943325933322
7.76,-0.38194,-0.06456,-0.8633096612064751,-0.1408829772209823,11.9,-4.545086,-0.21396240653813892,-0.8255407361933178,-0.7921034168495947,0.35997415822384315,-0.14988014951501238,0.3367391774571118,-0.1413968062819798,-0.21320098495369072
7.84,-0.38194,-0.07532,-0.7673863655168668,-0.20231856689118266,11.9,-4.545086,-0.2762503873288559,-0.7583455599915363,-0.761164965952297,0.5399612373357421,0.899280897090077,0.43476949856025726,-0.18158733005783392,-0.27570717025905167
7.92,-0.37403,-0.06994,-0.7194247176720626,-0.26221826681962823,11.9,-4.450957,-0.33574880109050653,-0.739146938219599,-0.7225402970799535,0.35997415822383516,0.44964044854503893,0.5284095320327955,-0.21929268121128026,-0.3354909414181385
8.0,-0.37403,-0.08608,-0.6954438937496605,-0.3205820770063186,11.9,-4.450957,-0.3918568348616485,-0.7007496946757226,-0.6766194408270496,0.5399612373357519,0.44964044854503893,0.6167137039970871,-0.2541084493199975,-0.39189060159396033
8.08,-0.35821,-0.09684000000000001,-0.6474822459048563,-0.3743382179677439,11.9,-4.262699,-0.4440079116228346,-0.6527531402458786,-0.6238661044404195,0.5399612373357439,0.44964044854503893,0.6987903219236227,-0.28572118109433253,-0.4442801275330208
8.16,-0.34239,-0.09953000000000001,-0.6235014219824542,-0.42502257944565924,11.9,-4.074441,-0.4916754115721157,-0.6143558967020035,-0.5648129893192699,0.599956930373057,0.5995205980600513,0.7738105789120424,-0.31390725393559893,-0.4920876487607899
8.24,-0.32657,-0.1076,-0.551558950215248,-0.47263516144006457,11.9,-3.8861830000000004,-0.5343779899139178,-0.5567600313861893,-0.5000564118144926,0.8399397025222739,0.7494007475750637,0.8410169229552613,-0.33852566313895194,-0.5348092613065221
8.32,-0.29493,-0.11567,-0.5035973023704439,-0.5141041844674497,11.9,-3.5096670000000003,-0.5716844374624346,-0.47996554429843963,-0.430250281646428,0.9599310885968682,0.8992808970900779,0.8997307066735925,-0.3595058583715943,-0.5720168187353547
8.4,-0.2712,-0.11567,-0.4076740066808355,-0.549429648527815,11.9,-3.22728,-0.6032180349773464,-0.40317105721069035,-0.35609949874671765,0.7799440094849581,0.8992808970900779,0.9493590402731364,-0.3768321305047394,-0.6033598317659383
8.48,-0.25425000000000003,-0.12373999999999999,-0.3597123588360313,-0.5786115536211601,11.9,-3.0255750000000003,-0.6286603572619095,-0.35517450278084617,-0.278352835202726,0.7199483164476681,0.5995205980600518,0.9894007785266992,-0.39052623936904524,-0.6285627031737107
8.56,-0.20679000000000003,-0.11567,-0.3117507109912271,-0.6062575689727504,11.9,-2.4608010000000005,-0.6477544886097826,-0.28797932657906333,-0.19779537418244564,1.0199267816341915,0.8992808970900776,1.0194515813213254,-0.4006299940516511,-0.6474190559492227
8.64,-0.18306,-0.12912,-0.21582741530161878,-0.6246882458738103,11.9,-2.178414,-0.6603076171311009,-0.1919862177193754,-0.11524058219131383,1.0799224746714788,0.8992808970900772,1.039207996671012,-0.4071893752704499,-0.6597849349644547
8.72,-0.1356,-0.11835999999999999,-0.1678657674568146,-0.6369753638078505,11.9,-1.61364,-0.6661929817603928,-0.11519173063162658,-0.031522094715083604,0.9599310885968735,0.8992808970900774,1.048470524964489,-0.4102415584523888,-0.6655723599507444
8.8,-0.11187000000000001,-0.1345,-0.07194247176720626,-0.6431189227748706,11.9,-1.3312530000000002,-0.6653511522855142,-0.038397243543875526,0.05251470180300455,0.7799440094849723,1.0491610466050905,1.0471456335056686,-0.4098058913674835,-0.6647442841169405
8.88,-0.07232,-0.08877,0.0,-0.6431189227748706,11.9,-0.8606079999999999,-0.657790629471912,0.009599310885969103,0.1360212066458235,0.5999569303730545,0.44964044854503876,1.0352467010035133,-0.40587953111110175,-0.6573116140934162
8.96,-0.00904,-0.05111,0.0,-0.6415830330331156,11.9,-0.10757599999999999,-0.6435877592221824,0.05759586531581329,0.21815417396356684,1.0199267816341802,0.44964044854503876,1.0128938824742852,-0.3984380733616541,-0.6433326304208574
9.040000000000001,0.06328,-0.03766,0.07194247176720626,-0.6339035843243405,11.9,0.753032,-0.6228859616377413,0.1727875959474381,0.2980842278417093,1.439896632895309,1.3489213456351161,0.9803128959203593,-0.3874411262095618,-0.6229148911291162
9.120000000000001,0.09492,-0.03766,0.21582741530161878,-0.6139370176815254,11.9,1.129548,-0.5958942827675089,0.2879793265790629,0.37500423731082444,1.1999138607461315,1.3489213456351163,0.9378327430373663,-0.37284240139678637,-0.5962194354778122
9.200000000000001,0.13447,-0.029589999999999998,0.28776988706882506,-0.5878268920716904,11.9,1.6001930000000002,-0.5628852836680094,0.36477381366681927,0.44813746672768806,0.9599310885969257,0.8992808970900874,0.8858823869663919,-0.3546035280758852,-0.5634667608674806
9.28,0.16611,-0.0269,0.3597123588360313,-0.555573207494835,11.9,1.976709,-0.5241922880910797,0.44156830075456943,0.5167454192254457,0.8999353955595524,0.899280897090087,0.8249864206387882,-0.332710453865993,-0.5249435985233354
9.36,0.19775,-0.01883,0.43165483060323756,-0.5171759639509599,11.9,2.353225,-0.48020601659193884,0.508763476956346,0.5801352940298927,0.779944009484939,0.8992808970900779,0.7557597694542832,-0.3071910086173663,-0.48100901981525085
9.44,0.2373,-0.01076,0.5035973023704439,-0.47417105118181957,11.9,2.8238700000000003,-0.43137064104629674,0.5663593422721598,0.6376669823381311,0.659952623410367,0.749400747575065,0.678901481785271,-0.27813199921610404,-0.4320980164911648
9.52,0.26216,-0.00807,0.551558950215248,-0.42655846918741425,11.9,3.119704,-0.3781792994178378,0.6143558967020049,0.6887595311155361,0.5999569303730468,0.5995205980600513,0.5951876700104766,-0.2456941144423881,-0.37872063259762506
9.6,0.2938,0.0,0.5995205980600522,-0.3758741077094987,11.9,3.49622,-0.32116911606781084,0.6623524511318473,0.7328970095398075,0.659952623410335,0.7494007475750646,0.5054636733581077,-0.2101229802322097,-0.3214551897239439
9.68,0.31753,0.0,0.6714630698272585,-0.3205820770063186,11.9,3.778607,-0.26091577789146847,0.7199483164476586,0.7696337188528335,0.6599526234103612,0.7494007475750646,0.4106355216989934,-0.1717549393407816,-0.26093521994459973
9.76,0.33335000000000004,0.00538,0.7194247176720626,-0.26068237707787323,11.9,3.9668650000000008,-0.1980277210513574,0.7679448708775052,0.7985986930116464,0.29997846518654114,0.44964044854503893,0.3116607864880123,-0.13101653721900378,-0.19783124868811144
9.84,0.34917000000000004,0.01345,0.7434055415944647,-0.19771089766591765,11.9,4.155123000000001,-0.13313998700960494,0.7679448708775052,0.8194994446909154,-7.993605777301127e-15,0.14988014951501327,0.20953891123988555,-0.0884172538387744,-0.13283298510976363
9.92,0.38081000000000004,0.08339,0.7434055415944647,-0.1378111977374723,11.9,4.531639,-0.06690780990081081,0.7679448708775038,0.8321249188100281,0.2399827721492187,0.14988014951501238,0.10530111918259344,-0.044535677804621816,-0.06666643214595648
10.0,0.40454,0.05649,0.7673863655168668,-0.07483971832551695,11.9,4.814026,-3.265724797726275e-16,0.8063421144213802,0.8363476237601304,0.2999784651865314,0.5995205980600513,0.0,-2.1754515234109572e-16,-2.690583004139502e-6
10.08,0.39663000000000004,0.061869999999999994,0.839328837284073,-0.008796459430051362,11.9,4.7198970000000005,0.06690780990081016,0.8159414253073489,0.8321249188100281,0.059995693037304676,0.14988014951501416,-0.10530111918259077,0.04453567780462057,0.06653803838954452
10.16,0.42036,0.06725,0.791367189439269,0.055710909723659,11.9,5.002284,0.1331399870096043,0.8159414253073489,0.8194994446909158,-0.05999569303731267,-0.29976029903002477,-0.20953891123988466,0.08841725383877398,0.13236573078282424
10.24,0.41245000000000004,0.07263,0.791367189439269,0.12175416861912458,11.8,4.866910000000001,0.1980277210513568,0.8063421144213789,0.7985986930116467,-0.2399827721492267,-0.14988014951501416,-0.3116607864880132,0.13101653721900258,0.1969064543679417
10.32,0.41245000000000004,0.07801000000000001,0.7673863655168668,0.18472564803107971,11.9,4.908155000000001,0.26091577789146786,0.7775441817634726,0.7696337188528337,-0.35997415822382983,-0.4496404485450398,-0.41063552169899253,0.17175493934078118,0.2595862388585267
10.4,0.40454,0.10222,0.7194247176720626,0.2461612377012803,11.9,4.814026,0.3211691160678103,0.7487462491055661,0.7328970095398077,-0.47996554429844895,-0.44964044854503893,-0.5054636733581042,0.21012298023220938,0.31981896282134975
10.48,0.40454,0.10222,0.6954438937496605,0.3045250478879704,11.9,4.814026,0.37817929941783723,0.7007496946757208,0.688759531115537,-0.5399612373357341,-0.29976029903002566,-0.595187670010473,0.24569411444238778,0.3770028058430485
10.56,0.39663000000000004,0.11835999999999999,0.6714630698272585,0.35828118884939575,11.8,4.6802340000000004,0.4313706410462963,0.6623524511318486,0.637666982338132,-0.47996554429843385,-0.29976029903002566,-0.6789014817852763,0.2781319992161038,0.4305270374724415
10.64,0.3729,0.11298,0.6474822459048563,0.4105014400690663,11.9,4.4375100000000005,0.4802060165919384,0.6239552075879713,0.5801352940298927,-0.5999569303730627,-0.5995205980600518,-0.755759769454269,0.30719100861736603,0.47978791462803483
10.72,0.34917000000000004,0.12912,0.5755397741376501,0.4581140220634712,11.9,4.155123000000001,0.5241922880910792,0.5663593422721585,0.5167454192254488,-0.7199483164476348,-0.899280897090077,-0.8249864206387896,0.33271045386599274,0.5242102157365547
10.8,0.34917000000000004,0.14257,0.5035973023704439,0.5011189348326117,11.8,4.1202060000000005,0.5628852836680103,0.5087634769563496,0.4481374667276863,-0.7799440094849532,-0.7494007475750646,-0.8858823869664296,0.3546035280758851,0.5632700055314429
10.88,0.30962,0.13988,0.45563565452563964,0.5395161783764872,11.9,3.6844780000000004,0.5958942827675091,0.4415683007545659,0.37500423731082,-0.8399397025222988,-0.5995205980600522,-0.9378327430373581,0.37284240139678626,0.5965146005952772
10.96,0.28589000000000003,0.13988,0.4076740066808355,0.5717698629533423,11.9,3.4020910000000004,0.6228859616377416,0.3743731245527817,0.29808422784170885,-0.8999353955595693,-0.8992808970900779,-0.9803128959203395,0.3874411262095617,0.6235769675059607
11.040000000000001,0.24521,0.14257,0.3117507109912271,0.5994158783049324,11.9,2.917999,0.6435877592221826,0.29757863746503466,0.2181541739635655,-1.0799224746714844,-1.04916104660509,-1.0128938824742768,0.39843807336165404,0.6441833462030561
11.120000000000001,0.21356999999999998,0.14795,0.2398082392240209,0.6193824449477479,11.9,2.541483,0.657790629471912,0.20158552860534407,0.1360212066458244,-1.0799224746714982,-0.8992808970900772,-1.0352467010035051,0.40587953111110175,0.6581542572484319
11.200000000000001,0.18193,0.16409,0.1678657674568146,0.6316695628817874,11.9,2.1649670000000003,0.6653511522855144,0.12479104151759479,0.05251470180300455,-0.8999353955595528,-0.8992808970900875,-1.0471456335056912,0.4098058913674835,0.6653999635859519
11.28,0.15029,0.16678,0.09592329568960835,0.6393490115905629,11.9,1.7884510000000002,0.6661929817603929,0.05759586531581684,-0.03152209471508449,-0.7199483164476761,-0.8992808970900874,-1.048470524964495,0.4102415584523888,0.6659118968742179
11.36,0.11074,0.1345,0.023980823922402087,0.6408849013323179,11.9,1.317806,0.660307617131101,0.009599310885968215,-0.11524058219131295,-0.4799655442984797,-0.5995205980600516,-1.0392079966710035,0.40718937527045,0.6597516638822037
11.44,0.04746,0.06456,0.0,0.6408849013323179,11.9,0.564774,0.6477544886097828,-0.019198621771939983,-0.1977953741824452,-0.8399397025222765,-0.1498801495150129,-1.0194515813213336,0.4006299940516512,0.6470392026961999
11.52,-0.04068000000000001,0.029589999999999998,0.0,0.6378131218488075,11.9,-0.48409200000000013,0.6286603572619097,-0.12479104151759612,-0.27835283520272647,-1.4998923259326016,-1.0491610466050905,-0.9894007785266994,0.3905262393690453,0.6279415969072369
11.6,-0.08023,0.0269,-0.1678657674568146,0.6209183346895024,11.9,-0.954737,0.6032180349773466,-0.25918139392115647,-0.3560994987467172,-1.3799009398579964,-1.6486816446651422,-0.9493590402731253,0.37683213050473946,0.6026640160928121
11.68,-0.11978,0.024210000000000002,-0.263789063146423,0.5963440988214224,11.9,-1.425382,0.5716844374624349,-0.34557519189487573,-0.43025028164642665,-1.079922474671487,-1.1990411961201033,-0.8997307066735893,0.35950585837159443,0.5714441666322734
11.76,-0.15933,0.01076,-0.3597123588360313,0.5656263039863223,11.9,-1.8960270000000001,0.5343779899139183,-0.43196898986859456,-0.5000564118144917,-0.9599310885968904,-1.04916104660509,-0.8410169229552671,0.33852566313895216,0.534551371114238
11.84,-0.18306,0.02152,-0.43165483060323756,0.5272290604424472,11.9,-2.178414,0.49167541157211614,-0.4991641660703783,-0.5648129893192695,-0.7199483164476712,-0.8992808970900779,-0.7738105789120455,0.31390725393559915,0.49229080323607693
11.92,-0.2147,0.00269,-0.5035973023704439,0.4857600374150617,11.9,-2.55493,0.4440079116228351,-0.547160720500222,-0.623866104440419,-0.6599526234103443,-0.5995205980600522,-0.6987903219236253,0.2857211810943333,0.445012420748349
12.0,-0.24634,-0.00269,-0.527578126292846,0.4396833451624116,11.9,-2.931446,0.391856834861649,-0.6047565858160335,-0.6766194408270496,-0.6599526234103528,-0.5995205980600513,-0.6167137039970854,0.2541084493199977,0.39312285255656626
12.08,-0.2712,-0.00269,-0.5995205980600522,0.38899898368449626,11.9,-3.22728,0.33574880109050703,-0.6527531402458786,-0.7225402970799528,-0.5999569303730716,-0.7494007475750641,-0.5284095320327911,0.21929268121128126,0.3370972012690896
12.16,-0.30284,-0.00538,-0.6474822459048563,0.3352428427230709,11.9,-3.603796,0.2762503873288565,-0.700749694675725,-0.7611649659522963,-0.5999569303730645,-0.5995205980600513,-0.43476949856025904,0.18158733005783434,0.2774868815329819
12.24,-0.33448,-0.02152,-0.6954438937496605,0.27687903253638013,11.9,-3.980312,0.21396240653813953,-0.748746249105569,-0.7921034168495943,-0.4799655442984223,-0.5995205980600522,-0.33673917745713133,0.14139680628198092,0.21491971853098008
12.32,-0.3503,-0.024210000000000002,-0.7434055415944647,0.21544344286617978,11.9,-4.16857,0.14951384063292128,-0.7775441817634726,-0.8150432343454374,-0.2999784651865065,-0.44964044854503893,-0.2353084755765833,0.09921090607154748,0.1500898740768332
12.4,-0.3503,-0.029589999999999998,-0.7673863655168668,0.15247196345422442,11.9,-4.16857,0.08355548904286943,-0.79674280353541,-0.8297527729418477,-0.23998277214921782,-0.14988014951501238,-0.13150163670134773,0.05559256889290455,0.0837376209713727
12.48,-0.36612,-0.040350000000000004,-0.7673863655168668,0.08796459430051407,11.9,-4.356828,0.016753396962225532,-0.8159414253073476,-0.836083496217653,-7.993605777301127e-15,-0.14988014951501416,-0.02636689876488507,0.011159673294881323,0.016621906934729574
12.56,-0.38985,-0.05111,-0.791367189439269,0.021921335405048703,11.9,-4.639215,-0.050217870351955164,-0.7967428035354114,-0.8339714767442292,0.059995693037295794,0.0,0.07903409121990723,-0.033437777388588746,-0.0505089638463633
12.64,-0.39776000000000006,-0.06994,-0.7673863655168668,-0.03951425426515187,11.9,-4.733344000000001,-0.11668203931685125,-0.8063421144213803,-0.8234380416224678,-0.11999138607459336,-0.1498801495150115,0.18363699763576413,-0.07754321338507646,-0.11694231765550749
12.72,-0.38985,-0.08070000000000001,-0.815348013361671,-0.10709340290237224,11.9,-4.639215,-0.1819679570115501,-0.8159414253073463,-0.8045895571225069,0.17998707911191492,-0.14988014951501416,0.286385543886154,-0.12051962192761338,-0.18201663938211166
12.8,-0.38985,-0.07263,-0.791367189439269,-0.17006488231432737,11.9,-4.639215,-0.24541636845645246,-0.7775441817634738,-0.7776163546006831,0.35997415822382006,0.44964044854503804,0.386242178640944,-0.16177399181920762,-0.2451252770349181
12.88,-0.38985,-0.07801000000000001,-0.7434055415944647,-0.23150047198452817,11.9,-4.639215,-0.30638657374765954,-0.758345559991535,-0.7427908085399559,0.35997415822384404,0.4496404485450398,0.48219855299356773,-0.2007780277457046,-0.30570942303027177
12.96,-0.38194,-0.08608,-0.7194247176720626,-0.29140017191297307,11.9,-4.545086,-0.3642628978228455,-0.7199483164476588,-0.7004645861217123,0.4799655442984285,0.29976029903002654,0.5732857027345863,-0.2370835044302742,-0.3632444144774201
13.040000000000001,-0.36612,-0.09684000000000001,-0.6954438937496605,-0.34669220261615363,11.9,-4.356828,-0.41846090752713355,-0.6815510729037864,-0.651065096102422,0.5399612373357363,0.5995205980600522,0.6585838329198284,-0.2703312194717804,-0.41722486138431675
13.120000000000001,-0.3503,-0.10491,-0.6235014219824542,-0.40044834357757897,11.9,-4.16857,-0.4684333131992331,-0.6335545184739408,-0.5950911728545396,0.5999569303730574,0.7494007475750641,0.7372316059275317,-0.3002531772972283,-0.4671537855588033
13.200000000000001,-0.33448,-0.1076,-0.5755397741376501,-0.4480609255719843,11.9,-3.980312,-0.51367549518386,-0.5855579640440971,-0.5331080391540168,0.6599526234103199,0.5995205980600509,0.8084348392168117,-0.32666830701998506,-0.5125391902871447
13.280000000000001,-0.31074999999999997,-0.11028999999999999,-0.527578126292846,-0.4941376178246346,11.9,-3.6979249999999997,-0.5537305994638759,-0.5279620987282896,-0.46574159857984965,0.839939702522249,0.7494007475750761,0.8714745249562235,-0.34947260543075276,-0.5528990651324043
13.36,-0.29493,-0.12104999999999999,-0.45563565452563964,-0.5325348613685099,11.9,-3.5096670000000003,-0.5881941509566353,-0.451167611640539,-0.3936721151610225,0.8999353955596172,0.7494007475750766,0.9257140905401562,-0.3686250450315537,-0.5877736012902691
13.44,-0.26329,-0.11567,-0.4076740066808355,-0.56632443568712,11.9,-3.1331510000000002,-0.6167181378896388,-0.3839724354387526,-0.3176273440934261,0.8399397025222961,0.7494007475750646,0.9706058266774833,-0.38413086497534954,-0.6167419357453403
13.52,-0.23052,-0.11567,-0.3357315349136292,-0.5939704510387104,11.9,-2.743188,-0.6390145260115835,-0.31677725923697153,-0.23837518289262505,0.899935395559575,0.7494007475750644,1.0056964181412795,-0.3960239657956401,-0.6394402482432545
13.6,-0.19097,-0.12104999999999999,-0.28776988706882506,-0.6170087971650354,11.9,-2.272543,-0.6548581671524589,-0.23998277214922048,-0.15671591719082123,1.0199267816341941,0.8992808970900776,1.0306315213307873,-0.4043500743557859,-0.6555783463438649
13.68,-0.15933,-0.12643,-0.1918465913792167,-0.6323676945825857,11.9,-1.8960270000000001,-0.6640890727621149,-0.15358897417550033,-0.07347413947969894,1.0199267816341913,1.0491610466050902,1.045159342420853,-0.40915216444752606,-0.6649526441489687
13.76,-0.12769,-0.12912,-0.11990411961201045,-0.6415830330331156,11.9,-1.519511,-0.6666140294692107,-0.07679448708774972,0.010509577596515385,0.8999353955595694,1.0491610466050905,1.0491331799674477,-0.4104593464870096,-0.6674543140089584
13.84,-0.08814,-0.11567,-0.023980823922402087,-0.6446548125166256,11.9,-1.048866,-0.6624075403466725,-0.009599310885969103,0.09438716931509283,0.6599526234103503,0.7494007475750647,1.0425129062940455,-0.4082801096259101,-0.6630721288796361
13.92,-0.03277,-0.059179999999999996,0.0,-0.6431189227748706,11.9,-0.389963,-0.6515120823787959,0.028797932657906422,0.1773116426035628,0.7799440094849723,0.1498801495150129,1.0253653726993237,-0.40260043696518616,-0.651890038779123
14.0,0.03955,-0.03228,0.0,-0.6400471432913606,11.9,0.47064500000000004,-0.6340376775301024,0.11519173063162658,0.25844562894698475,1.3199052468207118,0.8992808970900775,0.99786373439514,-0.39338693691357146,-0.6340798955529583
14.08,0.0791,-0.040350000000000004,0.14388494353441253,-0.6246882458738103,11.9,0.9412900000000001,-0.6101607817472783,0.23998277214922048,0.3369698401067853,1.319905246820698,1.4988014951501294,0.9602857019910449,-0.3805947525241717,-0.6098900795811565
14.16,0.12656,-0.024210000000000002,0.2398082392240209,-0.6016498997474853,11.9,1.506064,-0.5801225031130167,0.3263765701229384,0.412091341265552,1.0199267816341804,1.1990411961201035,0.9130107371820868,-0.3641796355024053,-0.5796311989234528
14.24,0.15029,-0.0269,0.3357315349136292,-0.5724679946541401,11.9,1.7884510000000002,-0.5442261671447899,0.40317105721068947,0.48305155805591937,0.8999353955595804,1.04916104660509,0.8565162209573836,-0.344113215130425,-0.5436605493662612
14.32,0.18193,-0.01883,0.4076740066808355,-0.5371425305937749,11.9,2.1649670000000003,-0.5028342538240695,0.4703662334124714,0.5491339366187336,0.7799440094849697,0.7494007475750646,0.7913726330228874,-0.3204001740309822,-0.5023675409165006
14.4,0.21356999999999998,-0.01345,0.45563565452563964,-0.4972093973081446,11.9,2.541483,-0.45636473728579247,0.5279620987282847,0.6096711793395815,0.7799440094849586,0.749400747575065,0.7182377911170623,-0.293095790171114,-0.4561625910546723
14.48,0.25425000000000003,-0.00269,0.527578126292846,-0.4526685947972493,11.9,3.0255750000000003,-0.40528686512973644,0.5951572749300649,0.6640519831974636,0.7799440094849608,0.8992808970900774,0.6378502083898727,-0.2623221518452956,-0.405471781526879
14.56,0.27798,-0.00269,0.5995205980600522,-0.4019842333193342,11.9,3.3079620000000003,-0.3501164199741982,0.6527531402458786,0.7117272126819612,0.5399612373357572,0.7494007475750641,0.5510216359215772,-0.22828133476445536,-0.35073866218444094
14.64,0.30962,0.0,0.6474822459048563,-0.34822809235790864,11.9,3.6844780000000004,-0.29141051110062255,0.6815510729037861,0.7522154449449161,0.5399612373357439,0.5995205980600513,0.4586288656877304,-0.19126397621656893,-0.29243295645638057
14.72,0.33335000000000004,0.02152,0.6954438937496605,-0.2929360616547283,11.9,3.9668650000000008,-0.22976194878301148,0.7391469382195976,0.7851078311919981,0.5999569303730397,0.5995205980600522,0.3616048767443143,-0.1516520032848854,-0.23106387980642565
14.8,0.34125999999999995,0.01614,0.7434055415944647,-0.22996458224277294,11.9,4.060994,-0.16579325810990272,0.7775441817634725,0.8100722252240063,0.2999784651865216,0.29976029903002654,0.26092941403655345,-0.10991475972809142,-0.16719392477096842
14.88,0.35708,0.03228,0.7434055415944647,-0.1685289925725726,11.9,4.249252,-0.10015039274717036,0.7871434926494412,0.8268565374378467,0.059995693037305564,0.14988014951501238,0.1576190949677887,-0.06659839142922289,-0.10144802841943312
14.96,0.38081000000000004,0.048420000000000005,0.7673863655168668,-0.10402162341886223,11.9,4.531639,-0.033496212119847144,0.7871434926494414,0.8352912804188526,0.11999138607461024,0.14988014951501238,0.05271714363137736,-0.02230902946524613,-0.034513594797491026
15.040000000000001,0.40454,0.06456,0.7673863655168668,-0.04258603374866188,11.9,4.814026,0.03349621211984616,0.8063421144213788,0.8352912804188671,0.2999784651865314,0.29976029903002566,-0.052717143631195285,0.022309029465245475,0.032871003927035576
15.120000000000001,0.40454,0.06456,0.815348013361671,0.024993114888558488,11.8,4.773572000000001,0.10015039274717172,0.8351400470792865,0.8268565374378614,8.881784197001252e-15,0.0,-0.15761909496788196,0.06659839142922223,0.09993861841994925
15.200000000000001,0.40454,0.06725,0.7673863655168668,0.09103637378402407,11.9,4.814026,0.16579325810990408,0.8063421144213802,0.8100722252240059,-0.3599741582237854,-0.29976029903002566,-0.2609294140366796,0.1099147597280908,0.16592217505978524
15.280000000000001,0.39663000000000004,0.06994,0.7673863655168668,0.15400785319597943,11.9,4.7198970000000005,0.22976194878301276,0.7775441817634808,0.7851078311919926,-0.29997846518647187,-0.1498801495150177,-0.3616048767443445,0.15165200328488476,0.23008413180984968
15.36,0.42036,0.09953000000000001,0.7434055415944647,0.21544344286617978,11.8,4.960248,0.29141051110062166,0.7583455599915448,0.7522154449449114,-0.29997846518657045,-0.2997602990300301,-0.458628865687694,0.19126397621656838,0.2917403794360208
15.44,0.41245000000000004,0.10491,0.7194247176720626,0.27534314279462535,11.9,4.908155000000001,0.35011641997419735,0.7295476273336299,0.7117272126819623,-0.4799655442984996,-0.14988014951501327,-0.5510216359215434,0.2282813347644549,0.35027425913885946
15.52,0.39663000000000004,0.1076,0.7194247176720626,0.3321710632395607,11.9,4.7198970000000005,0.4052868651297357,0.6815510729037848,0.6640519831974645,-0.5399612373357572,-0.5995205980600522,-0.6378502083898767,0.26232215184529517,0.40513937842776054
15.6,0.38081000000000004,0.12104999999999999,0.6235014219824542,0.384391314459231,11.9,4.531639,0.45636473728579174,0.6431538293599086,0.6096711793395819,-0.47996554429843696,-0.7494007475750646,-0.7182377911170619,0.2930957901711135,0.455852980297412
15.68,0.36499000000000004,0.12373999999999999,0.5995205980600522,0.43507567593714613,11.8,4.306882000000001,0.5028342538240689,0.6047565858160349,0.5491339366187344,-0.6599526234103452,-0.44964044854503804,-0.7913726330228821,0.3204001740309818,0.5019837633683352
15.76,0.34125999999999995,0.12643,0.551558950215248,0.4811523681897967,11.9,4.060994,0.5442261671447893,0.5375614096142534,0.4830515580559207,-0.839939702522265,-0.5995205980600513,-0.856516220957384,0.34411321513042475,0.5431387631493911
15.84,0.32544000000000006,0.14257,0.5035973023704439,0.5210855014754268,11.9,3.872736000000001,0.5801225031130163,0.4703662334124723,0.4120913412655529,-0.839939702522265,-0.749400747575065,-0.9130107371820873,0.3641796355024043,0.5789532675512437
15.92,0.2938,0.13719,0.43165483060323756,0.5564109655357923,11.9,3.49622,0.6101607817472778,0.4031710572106908,0.33696984010678666,-0.8399397025223072,-1.0491610466050907,-0.9602857019910584,0.3805947525241714,0.6090862466755878
16.0,0.26216,0.14257,0.3357315349136292,0.5855928706291373,11.9,3.119704,0.6340376775301022,0.3359758810089031,0.2584456289469834,-0.9599310885968966,-0.8992808970900741,-0.9978637343951478,0.3933869369135714,0.6332220527199728
16.080000000000002,0.22148,0.14526,0.28776988706882506,0.6101671064972174,11.9,2.635612,0.6515120823787957,0.24958208303518514,0.17731164260356103,-1.0799224746714537,-0.899280897090091,-1.0253653726992988,0.402600436965186,0.6510776991855426
16.16,0.19775,0.15602000000000002,0.1918465913792167,0.6255260039147674,11.9,2.353225,0.6624075403466723,0.16318828506147032,0.0943871693150955,-0.9599310885968592,-1.049161046605097,-1.0425129062940395,0.40828010962590994,0.662414121877829
16.240000000000002,0.16611,0.16140000000000002,0.11990411961201045,0.6362772321070524,11.9,1.976709,0.6666140294692107,0.09599310885968837,0.010509577596514497,-0.8999353955595609,-0.8992808970900774,-1.0491331799674477,0.4104593464870096,0.667049470630771
16.32,0.14238,0.16947,0.047961647844804174,0.6408849013323179,11.9,1.694322,0.6640890727621149,0.01919862177194087,-0.07347413947969628,-0.6599526234103705,-0.7494007475750812,-1.0451593424208483,0.40915216444752606,0.664872526440446
16.4,0.09492,0.1076,0.0,0.6393490115905629,11.9,1.129548,0.6548581671524596,-0.00959931088596866,-0.15671591719081768,-0.4799655442984688,-0.29976029903003915,-1.0306315213308292,0.404350074355786,0.6558545746557068
16.48,0.01582,0.04573,0.0,0.6393490115905629,11.9,0.188258,0.6390145260115838,-0.057595865315815065,-0.23837518289262905,-1.0799224746715057,-0.4496404485450587,-1.0056964181412786,0.39602396579564025,0.6400583233464168
16.56,-0.0565,0.03497,-0.07194247176720626,0.6301336731400329,11.9,-0.67235,0.6167181378896391,-0.1823869068334063,-0.3176273440934225,-1.5598880189699418,-1.3489213456350961,-0.9706058266774287,0.3841308649753498,0.6176426686012704
16.64,-0.10396000000000001,0.0269,-0.21582741530161878,0.6101671064972174,11.9,-1.2371240000000001,0.5881941509566359,-0.307177948351006,-0.39367211516101763,-1.259909553783383,-1.4988014951501154,-0.9257140905401873,0.36862504503155397,0.5888623188107813
16.72,-0.1356,0.0269,-0.3117507109912271,0.5809852014038723,11.9,-1.61364,0.5537305994638765,-0.3839724354387499,-0.46574159857985276,-0.8999353955595693,-1.049161046605097,-0.871474524956251,0.3494726054307531,0.5540616230003683
16.8,-0.17515,0.01345,-0.3836931827584334,0.5487315168270173,11.9,-2.084285,0.5136754951838591,-0.45116761164053676,-0.5331080391540177,-0.8999353955595857,-0.8992808970900776,-0.8084348392167189,0.32666830701998534,0.5136625441313711
16.88,-0.19888000000000003,0.01076,-0.45563565452563964,0.5087983835413867,11.9,-2.3666720000000003,0.4684333131992338,-0.5279620987282834,-0.5950911728545281,-0.7799440094849523,-0.8992808970900779,-0.7372316059275308,0.3002531772972288,0.4681476432007011
16.96,-0.23843,0.0,-0.527578126292846,0.46425758103049164,11.9,-2.837317,0.4184609075271343,-0.575958653158128,-0.6510650961024225,-0.6599526234103585,-0.7494007475750584,-0.6585838329199682,0.2703312194717809,0.41804010113799284
17.04,-0.26329,0.0,-0.5755397741376501,0.4166449990360863,11.9,-3.1331510000000002,0.36426289782284627,-0.6335545184739404,-0.7004645861217234,-0.7199483164476854,-0.5995205980600509,-0.5732857027345855,0.2370835044302747,0.36388391114456303
17.12,-0.30284,-0.00807,-0.6235014219824542,0.36288885807466076,11.9,-3.603796,0.3063865737476583,-0.6911503837897577,-0.7427908085399559,-0.5399612373357243,-0.7494007475750708,-0.4821985529934958,0.2007780277457052,0.3062279817867789
17.2,-0.31074999999999997,-0.01345,-0.6954438937496605,0.3060609376297252,11.9,-3.6979249999999997,0.24541636845645337,-0.7199483164476577,-0.7776163546006831,-0.4199698512611043,-0.44964044854505936,-0.3862421786409911,0.16177399181920823,0.24561756122159353
17.28,-0.3503,-0.029589999999999998,-0.6954438937496605,0.2476971274430353,11.9,-4.16857,0.18196795701154878,-0.7583455599915347,-0.8045895571225141,-0.4199698512611443,-0.44964044854505847,-0.28638554388610427,0.12051962192761402,0.18259490957144064
17.36,-0.3503,-0.03228,-0.7673863655168668,0.18472564803107971,11.9,-4.16857,0.11668203931685107,-0.7871434926494412,-0.8234380416224601,-0.2999784651865314,-0.44964044854505936,-0.1836369976356309,0.07754321338507711,0.11770870959938737
17.44,-0.37403,-0.048420000000000005,-0.7673863655168668,0.12175416861912458,11.9,-4.450957,0.05021787035195496,-0.8063421144213794,-0.8339714767442147,-0.23998277214923647,-0.1498801495150195,-0.07903409121999871,0.03343777738858862,0.05152897572396305
17.52,-0.36612,-0.048420000000000005,-0.791367189439269,0.055710909723659,11.9,-4.356828,-0.01675339696222337,-0.825540736193319,-0.8360834962176603,0.11999138607460758,-0.14988014951502038,0.026366898764746516,-0.011159673294879885,-0.015337856953680727
17.6,-0.38194,-0.048420000000000005,-0.791367189439269,-0.010332349171806587,11.9,-4.545086,-0.0835554890428708,-0.7871434926494396,-0.8297527729418548,0.1799870791119318,0.44964044854506025,0.13150163670143922,-0.05559256889290391,-0.08223954231566079
17.68,-0.40567,-0.07532,-0.7194247176720626,-0.07023204910025171,11.9,-4.8274729999999995,-0.1495138406329203,-0.7967428035354078,-0.8150432343454305,-0.2399827721492258,-0.1498801495149662,0.23530847557666767,-0.09921090607154685,-0.14847886880525926
17.76,-0.38985,-0.06994,-0.815348013361671,-0.1378111977374723,11.8,-4.60023,-0.21396240653813972,-0.8255407361933167,-0.7921034168495875,0.11999138607460047,-0.2997602990299857,0.3367391774570434,-0.14139680628198034,-0.21332637252612358
17.84,-0.37403,-0.07263,-0.7673863655168668,-0.20231856689118266,11.9,-4.450957,-0.27625038732885454,-0.7775441817634752,-0.7611649659523039,0.5399612373357421,0.5995205980600513,0.4347694985601738,-0.1815873300578331,-0.2760430610734969
17.92,-0.37403,-0.07263,-0.7194247176720626,-0.26221826681962823,11.9,-4.450957,-0.3357488010905083,-0.7391469382195983,-0.7225402970799593,0.5399612373357616,0.4496404485450327,0.5284095320329074,-0.21929268121127998,-0.33590845118511364
18.0,-0.37403,-0.08608,-0.6954438937496605,-0.3205820770063186,11.9,-4.450957,-0.3918568348616483,-0.6911503837897537,-0.676619440827039,0.5399612373357501,0.29976029903002477,0.616713703997096,-0.25410844931999726,-0.3922479841599539
18.080000000000002,-0.36612,-0.10491,-0.6714630698272585,-0.3728023282259887,11.9,-4.356828,-0.44400791162283443,-0.6527531402458786,-0.6238661044404235,0.47996554429842675,0.4496404485450465,0.6987903219235241,-0.2857211810943329,-0.444454528399554
18.16,-0.3503,-0.1076,-0.6235014219824542,-0.42502257944565924,11.9,-4.16857,-0.4916754115721163,-0.6143558967020053,-0.5648129893192753,0.5999569303730574,0.749400747575057,0.7738105789121019,-0.31390725393559826,-0.49200076667063547
18.240000000000002,-0.32657,-0.1076,-0.551558950215248,-0.47109927169830934,11.9,-3.8861830000000004,-0.5343779899139183,-0.5567600313861885,-0.5000564118144868,0.7799440094849608,0.749400747575057,0.8410169229552684,-0.33852566313895144,-0.5344419082698232
18.32,-0.29493,-0.1076,-0.5035973023704439,-0.5141041844674497,11.9,-3.5096670000000003,-0.5716844374624345,-0.48956485518441184,-0.4302502816464324,0.9599310885968682,0.8992808970900645,0.8997307066735467,-0.35950585837159427,-0.5714104566924548
18.400000000000002,-0.2712,-0.11835999999999999,-0.4076740066808355,-0.549429648527815,11.9,-3.22728,-0.6032180349773473,-0.4031710572106886,-0.356099498746719,0.8399397025222242,0.8992808970900645,0.9493590402731733,-0.3768321305047393,-0.6026061226437841
18.48,-0.25425000000000003,-0.12373999999999999,-0.3597123588360313,-0.5786115536211601,11.9,-3.0255750000000003,-0.6286603572619098,-0.35517450278085416,-0.2783528352027247,0.7199483164476563,0.5995205980600655,0.9894007785267378,-0.39052623936904535,-0.6277842724132282
18.56,-0.2147,-0.11028999999999999,-0.3117507109912271,-0.6062575689727504,11.9,-2.55493,-0.6477544886097822,-0.287979326579066,-0.1977953741824443,0.9599310885969348,0.7494007475750575,1.019451581321322,-0.4006299940516508,-0.6467457765848393
18.64,-0.18306,-0.12373999999999999,-0.2398082392240209,-0.6246882458738103,11.9,-2.178414,-0.6603076171311006,-0.20158552860534362,-0.11524058219131295,1.0799224746714788,0.8992808970900774,1.0392079966709815,-0.4071893752704499,-0.6593301723405462
18.72,-0.1356,-0.11567,-0.1678657674568146,-0.6385112535496056,11.9,-1.61364,-0.6661929817603927,-0.11519173063162924,-0.03152209471508716,1.0799224746714897,1.0491610466050838,1.0484705249644777,-0.4102415584523888,-0.6654130487034652
18.8,-0.11187000000000001,-0.13181,-0.07194247176720626,-0.6431189227748706,11.9,-1.3312530000000002,-0.6653511522855143,-0.02879793265790509,0.05251470180300366,0.7199483164476661,1.0491610466050838,1.047145633505674,-0.4098058913674835,-0.664907745304538
18.88,-0.07232,-0.08877,0.0,-0.6431189227748706,11.9,-0.8606079999999999,-0.6577906294719122,0.0,0.13602120664582085,0.5399612373357481,0.4496404485450587,1.0352467010035304,-0.4058795311111019,-0.6577687477359779
18.96,0.0,-0.048420000000000005,0.0,-0.6431189227748706,11.9,0.0,-0.6435877592221828,0.05759586531581595,0.21815417396356862,1.139918167708796,0.4496404485450587,1.0128938824743012,-0.39843807336165415,-0.6439992177108284
19.04,0.06328,-0.03228,0.07194247176720626,-0.6339035843243405,11.9,0.753032,-0.6228859616377415,0.18238690683340453,0.2980842278417093,1.4398966328953058,1.19904119612009,0.9803128959203042,-0.38744112620956184,-0.6236668734526554
19.12,0.09492,-0.03497,0.1918465913792167,-0.6139370176815254,11.9,1.129548,-0.5958942827675091,0.2879793265790642,0.37500423731081733,1.199913860746098,1.3489213456351095,0.937832743037379,-0.37284240139678626,-0.5969148527440425
19.2,0.13447,-0.03228,0.28776988706882506,-0.5878268920716904,11.9,1.6001930000000002,-0.5628852836680109,0.37437312455278127,0.4481374667276903,0.9599310885968899,1.049161046605097,0.8858823869664887,-0.35460352807588563,-0.5639719945350686
19.28,0.16611,-0.0269,0.3597123588360313,-0.55403731775308,11.9,1.976709,-0.5241922880910783,0.4415683007545659,0.5167454192254555,0.7199483164476659,0.8992808970900774,0.824986420638727,-0.33271045386599307,-0.5251596231904755
19.36,0.19775,-0.01614,0.43165483060323756,-0.5171759639509599,11.9,2.353225,-0.48020601659193823,0.48956485518440873,0.580135294029887,0.779944009484967,0.8992808970900779,0.7557597694541598,-0.3071910086173664,-0.4808926894574764
19.44,0.2373,-0.00807,0.5035973023704439,-0.47570694092357435,11.9,2.8238700000000003,-0.4313706410462961,0.566359342272162,0.6376669823381209,0.8399397025222628,0.7494007475750584,0.6789014817853407,-0.2781319992161037,-0.4316735412960611
19.52,0.26216,-0.00538,0.551558950215248,-0.42655846918741425,11.9,3.119704,-0.378179299417839,0.6239552075879717,0.6887595311155419,0.5999569303730463,0.5995205980600513,0.5951876700105854,-0.24569411444238884,-0.3780776582534981
19.6,0.2938,0.00269,0.5995205980600522,-0.3758741077094987,11.9,3.49622,-0.32116911606780907,0.6623524511318486,0.7328970095398144,0.539961237335735,0.7494007475750708,0.5054636733580269,-0.21012298023220996,-0.3207323628445712
19.68,0.31753,0.00269,0.6714630698272585,-0.3205820770063186,11.9,3.778607,-0.26091577789146875,0.710349005561689,0.7696337188528266,0.5999569303730476,0.7494007475750712,0.41063552169890905,-0.17175493934078173,-0.260291486841495
19.76,0.34125999999999995,0.01614,0.7194247176720626,-0.26221826681962823,11.9,4.060994,-0.19802772105135658,0.7583455599915363,0.7985986930116394,0.47996554429845517,0.4496404485450318,0.3116607864880976,-0.13101653721900325,-0.1974105961733454
19.84,0.34917000000000004,0.02152,0.7434055415944647,-0.19924678740767288,11.9,4.155123000000001,-0.13313998700960641,0.7871434926494427,0.8194994446909226,0.17998707911182166,0.14988014951502038,0.1831470053019526,-0.08841725383877536,-0.13272794344158917
19.92,0.36499000000000004,0.03497,0.7434055415944647,-0.1362753079957173,11.9,4.343381000000001,-0.06690780990080877,0.7871434926494265,0.8279022138599514,-2.026157019940864e-13,0.0,0.10503461461285786,-0.04453567780462203,-0.06685532313454838
